1403715546062142976,1.87693,-0.73152,-0.12652,-0.30791,0.70549,0.40337,0.49475,-0.16264,-1.19192,0.06291,-0.00215,0.02075,0.07581,-0.01363,0.10411,0.09293,
1403715546162142976,1.86011,-0.84994,-0.11916,-0.32056,0.68709,0.43382,0.48677,-0.16942,-1.17268,0.08042,-0.00215,0.02075,0.07581,-0.01363,0.10411,0.09293,
1403715546262142976,1.84262,-0.96682,-0.11042,-0.33921,0.66578,0.46638,0.47346,-0.18084,-1.16604,0.09197,-0.00215,0.02075,0.07581,-0.01363,0.10411,0.09293,
1403715546362142976,1.82379,-1.08317,-0.09964,-0.36088,0.64257,0.49860,0.45637,-0.19692,-1.16057,0.11185,-0.00215,0.02075,0.07581,-0.01364,0.10412,0.09293,
1403715546462142976,1.80389,-1.19921,-0.08679,-0.38183,0.61839,0.53098,0.43573,-0.20009,-1.16166,0.15028,-0.00215,0.02075,0.07581,-0.01364,0.10412,0.09293,
1403715546562142976,1.78401,-1.31496,-0.07188,-0.40181,0.59169,0.56285,0.41432,-0.19953,-1.14940,0.14585,-0.00215,0.02075,0.07581,-0.01364,0.10413,0.09293,
1403715546662142976,1.76471,-1.42942,-0.05785,-0.41553,0.56256,0.59754,0.39219,-0.19365,-1.13208,0.13161,-0.00215,0.02075,0.07581,-0.01364,0.10413,0.09293,
1403715546762142976,1.74514,-1.54105,-0.04698,-0.42138,0.53505,0.63550,0.36374,-0.20460,-1.09369,0.08190,-0.00215,0.02075,0.07581,-0.01365,0.10413,0.09293,
1403715546862142976,1.72385,-1.64703,-0.03807,-0.42667,0.51065,0.66971,0.32967,-0.22136,-1.01906,0.10065,-0.00215,0.02075,0.07581,-0.01365,0.10414,0.09293,
1403715546962142976,1.70139,-1.74397,-0.02723,-0.43568,0.47973,0.69815,0.30435,-0.22825,-0.91535,0.11324,-0.00215,0.02075,0.07581,-0.01365,0.10414,0.09293,
1403715547062142976,1.67615,-1.83030,-0.01547,-0.44224,0.44182,0.72537,0.28821,-0.28091,-0.81795,0.11712,-0.00215,0.02075,0.07581,-0.01365,0.10415,0.09293,
1403715547162142976,1.64387,-1.90752,-0.00411,-0.45166,0.40482,0.74780,0.27003,-0.36101,-0.72846,0.11607,-0.00215,0.02075,0.07581,-0.01366,0.10415,0.09292,
1403715547262142976,1.60346,-1.97628,0.00760,-0.46132,0.36690,0.76731,0.25260,-0.44578,-0.64686,0.11356,-0.00215,0.02075,0.07581,-0.01366,0.10416,0.09292,
1403715547362142976,1.55419,-2.03755,0.01856,-0.46796,0.33254,0.78431,0.23512,-0.53713,-0.58141,0.09976,-0.00215,0.02075,0.07581,-0.01366,0.10416,0.09292,
1403715547462142976,1.49491,-2.09290,0.02645,-0.47028,0.30519,0.80017,0.21313,-0.64903,-0.52758,0.06371,-0.00215,0.02075,0.07581,-0.01366,0.10416,0.09292,
1403715547562142976,1.42419,-2.14284,0.03127,-0.47162,0.27753,0.81494,0.19084,-0.77291,-0.47070,0.03660,-0.00215,0.02075,0.07581,-0.01366,0.10417,0.09292,
1403715547662142976,1.33959,-2.18747,0.03486,-0.47464,0.24533,0.82802,0.17003,-0.91518,-0.41449,0.03462,-0.00215,0.02075,0.07581,-0.01367,0.10417,0.09292,
1403715547762142976,1.24078,-2.22691,0.03869,-0.47757,0.21145,0.83925,0.15121,-1.05919,-0.36891,0.04158,-0.00215,0.02075,0.07581,-0.01367,0.10418,0.09292,
1403715547862142976,1.12706,-2.26189,0.04252,-0.48236,0.17970,0.84731,0.13075,-1.21241,-0.33136,0.04278,-0.00215,0.02075,0.07581,-0.01367,0.10418,0.09292,
1403715547962142976,0.99862,-2.29309,0.04728,-0.49500,0.14965,0.84844,0.11282,-1.34881,-0.29754,0.04358,-0.00215,0.02075,0.07581,-0.01367,0.10418,0.09292,
1403715548062142976,0.85804,-2.32155,0.05269,-0.51511,0.12834,0.84171,0.09859,-1.45080,-0.27731,0.06166,-0.00215,0.02075,0.07581,-0.01368,0.10419,0.09292,
1403715548162142976,0.71064,-2.34860,0.05758,-0.53524,0.11114,0.83202,0.09438,-1.49551,-0.26893,0.03154,-0.00215,0.02076,0.07581,-0.01368,0.10419,0.09292,
1403715548262142976,0.55997,-2.37615,0.06027,-0.54871,0.09944,0.82451,0.09591,-1.51951,-0.28758,0.01527,-0.00215,0.02076,0.07581,-0.01368,0.10419,0.09292,
1403715548362142976,0.40790,-2.40617,0.05592,-0.55520,0.09487,0.82052,0.09748,-1.51467,-0.31405,-0.11802,-0.00215,0.02076,0.07581,-0.01368,0.10420,0.09292,
1403715548462142976,0.25615,-2.43911,0.03874,-0.55583,0.09476,0.81980,0.09999,-1.51973,-0.35014,-0.22397,-0.00215,0.02076,0.07581,-0.01369,0.10420,0.09292,
1403715548562142976,0.10459,-2.47572,0.01503,-0.55558,0.10060,0.81954,0.09773,-1.51537,-0.38422,-0.24601,-0.00215,0.02076,0.07581,-0.01369,0.10421,0.09292,
1403715548662142976,-0.04616,-2.51551,-0.00937,-0.55503,0.10839,0.81925,0.09496,-1.50596,-0.41292,-0.24660,-0.00215,0.02076,0.07581,-0.01369,0.10421,0.09292,
1403715548762142976,-0.19567,-2.55801,-0.03320,-0.55597,0.11510,0.81781,0.09398,-1.49233,-0.42702,-0.22800,-0.00215,0.02076,0.07581,-0.01369,0.10422,0.09292,
1403715548862142976,-0.34479,-2.60146,-0.05551,-0.55591,0.12050,0.81694,0.09513,-1.49262,-0.43498,-0.21750,-0.00215,0.02076,0.07581,-0.01369,0.10422,0.09292,
1403715548962142976,-0.49408,-2.64504,-0.07704,-0.55749,0.12376,0.81540,0.09487,-1.49291,-0.44293,-0.21793,-0.00215,0.02076,0.07581,-0.01370,0.10422,0.09292,
1403715549062142976,-0.64261,-2.69053,-0.09842,-0.56078,0.11919,0.81422,0.09144,-1.47509,-0.46535,-0.20468,-0.00215,0.02076,0.07581,-0.01370,0.10423,0.09292,
1403715549162142976,-0.78964,-2.73763,-0.11645,-0.57174,0.10984,0.80846,0.08620,-1.44820,-0.47486,-0.16163,-0.00215,0.02076,0.07581,-0.01370,0.10423,0.09292,
1403715549262142976,-0.93202,-2.78542,-0.13140,-0.58568,0.10070,0.80003,0.08238,-1.38730,-0.48255,-0.14935,-0.00215,0.02076,0.07581,-0.01371,0.10424,0.09292,
1403715549362142976,-1.06592,-2.83449,-0.14623,-0.59609,0.09624,0.79364,0.07452,-1.28672,-0.50097,-0.15603,-0.00215,0.02076,0.07581,-0.01371,0.10424,0.09292,
1403715549462142976,-1.18950,-2.88455,-0.16254,-0.59748,0.10027,0.79351,0.05749,-1.18871,-0.48892,-0.17282,-0.00215,0.02076,0.07581,-0.01371,0.10424,0.09292,
1403715549562142976,-1.30322,-2.93160,-0.17957,-0.59018,0.10528,0.79926,0.04216,-1.08757,-0.44797,-0.17299,-0.00215,0.02076,0.07581,-0.01371,0.10425,0.09291,
1403715549662142976,-1.40762,-2.97216,-0.19654,0.57902,-0.11579,-0.80650,-0.02979,-1.00952,-0.35348,-0.15320,-0.00215,0.02076,0.07581,-0.01372,0.10425,0.09291,
1403715549762142976,-1.50546,-3.00160,-0.21083,0.57522,-0.13262,-0.80676,-0.02598,-0.95205,-0.22740,-0.12274,-0.00215,0.02076,0.07581,-0.01372,0.10426,0.09291,
1403715549862142976,-1.59732,-3.01783,-0.22150,0.57745,-0.15356,-0.80124,-0.03142,-0.88063,-0.09536,-0.10829,-0.00215,0.02076,0.07581,-0.01372,0.10426,0.09291,
1403715549962142976,-1.68176,-3.02020,-0.23014,0.57755,-0.18420,-0.79452,-0.03527,-0.80388,0.05648,-0.06966,-0.00215,0.02076,0.07581,-0.01373,0.10426,0.09291,
1403715550062142976,-1.75734,-3.00612,-0.23664,-0.57252,0.21971,0.78870,0.04373,-0.69597,0.22925,-0.05818,-0.00215,0.02076,0.07581,-0.01373,0.10427,0.09291,
1403715550162142976,-1.82187,-2.97371,-0.23835,-0.56281,0.24853,0.78527,0.06949,-0.59002,0.41833,0.04441,-0.00215,0.02076,0.07581,-0.01373,0.10427,0.09291,
1403715550262142976,-1.87640,-2.92405,-0.22691,-0.55220,0.27334,0.78122,0.10031,-0.50099,0.56857,0.18210,-0.00215,0.02076,0.07581,-0.01373,0.10428,0.09291,
1403715550362142976,-1.92298,-2.85993,-0.20048,-0.54249,0.29724,0.77497,0.12950,-0.43047,0.70734,0.33564,-0.00215,0.02076,0.07581,-0.01374,0.10428,0.09291,
1403715550462142976,-1.96309,-2.78337,-0.16354,-0.53496,0.31880,0.76532,0.16269,-0.37315,0.81491,0.37968,-0.00215,0.02076,0.07581,-0.01374,0.10429,0.09291,
1403715550562142976,-1.99798,-2.69842,-0.12716,-0.52678,0.34304,0.75341,0.19288,-0.32905,0.87442,0.32869,-0.00215,0.02076,0.07581,-0.01374,0.10429,0.09291,
1403715550662142976,-2.02890,-2.60916,-0.10196,-0.52014,0.37332,0.73794,0.21337,-0.28751,0.91532,0.19055,-0.00215,0.02076,0.07581,-0.01374,0.10430,0.09291,
1403715550762142976,-2.05535,-2.51550,-0.08962,-0.51536,0.40719,0.71888,0.22763,-0.23481,0.95472,0.06146,-0.00215,0.02076,0.07581,-0.01375,0.10430,0.09290,
1403715550862142976,-2.07538,-2.41755,-0.09034,-0.51099,0.44249,0.69780,0.23702,-0.15903,1.00537,-0.06015,-0.00215,0.02076,0.07581,-0.01375,0.10431,0.09290,
1403715550962142976,-2.08616,-2.31370,-0.10080,-0.50545,0.47558,0.67593,0.24794,-0.05121,1.07301,-0.12957,-0.00215,0.02076,0.07581,-0.01375,0.10431,0.09290,
1403715551062142976,-2.08437,-2.20209,-0.11031,-0.49504,0.50130,0.65708,0.26809,0.09325,1.15576,-0.03765,-0.00215,0.02076,0.07581,-0.01376,0.10432,0.09290,
1403715551162142976,-2.06761,-2.08348,-0.10653,-0.48279,0.52293,0.63847,0.29295,0.23687,1.21731,0.10960,-0.00215,0.02076,0.07581,-0.01376,0.10432,0.09290,
1403715551262142976,-2.03740,-1.95906,-0.08944,-0.47409,0.54750,0.61522,0.31143,0.36674,1.26665,0.22089,-0.00215,0.02076,0.07581,-0.01376,0.10433,0.09290,
1403715551362142976,-1.99334,-1.83115,-0.06577,-0.46585,0.57517,0.58882,0.32475,0.51250,1.28980,0.23987,-0.00215,0.02076,0.07581,-0.01376,0.10433,0.09290,
1403715551462142976,-1.93443,-1.70129,-0.04160,-0.45677,0.60023,0.56112,0.34093,0.66040,1.30050,0.23487,-0.00215,0.02076,0.07581,-0.01377,0.10434,0.09290,
1403715551562142976,-1.86005,-1.57103,-0.01776,-0.44409,0.62005,0.53481,0.36372,0.82405,1.29857,0.24109,-0.00215,0.02076,0.07581,-0.01377,0.10434,0.09290,
1403715551662142976,-1.77018,-1.44282,0.00684,-0.42642,0.63237,0.51148,0.39581,0.96401,1.26230,0.25780,-0.00215,0.02076,0.07581,-0.01377,0.10435,0.09290,
1403715551762142976,-1.66874,-1.31971,0.03240,-0.41039,0.64170,0.48532,0.42927,1.05847,1.18815,0.24950,-0.00215,0.02076,0.07581,-0.01378,0.10435,0.09290,
1403715551862142976,-1.55912,-1.20575,0.05699,-0.39996,0.65165,0.45356,0.45789,1.12860,1.09065,0.24293,-0.00215,0.02076,0.07581,-0.01378,0.10436,0.09290,
1403715551962142976,-1.44403,-1.10378,0.08069,-0.39014,0.65955,0.42039,0.48587,1.17630,0.94472,0.23121,-0.00215,0.02076,0.07581,-0.01378,0.10437,0.09290,
1403715552062142976,-1.32571,-1.01744,0.10255,-0.36412,0.66841,0.39860,0.51163,1.18490,0.78244,0.21154,-0.00215,0.02076,0.07581,-0.01378,0.10437,0.09290,
1403715552162142976,-1.20815,-0.94699,0.12075,-0.33776,0.68209,0.37773,0.52725,1.15733,0.62655,0.17240,-0.00215,0.02076,0.07581,-0.01379,0.10438,0.09290,
1403715552262142976,-1.09452,-0.89160,0.13901,-0.31393,0.68996,0.35322,0.54831,1.11359,0.48707,0.17767,-0.00215,0.02076,0.07581,-0.01379,0.10438,0.09290,
1403715552362142976,-0.98664,-0.85040,0.15565,-0.29202,0.69631,0.32432,0.56982,1.04050,0.33580,0.15076,-0.00215,0.02076,0.07581,-0.01379,0.10439,0.09290,
1403715552462142976,-0.88785,-0.82459,0.16977,-0.26644,0.70707,0.29386,0.58541,0.93442,0.18512,0.13789,-0.00215,0.02076,0.07581,-0.01379,0.10439,0.09290,
1403715552562142976,-0.80024,-0.81310,0.18288,-0.24500,0.71812,0.25693,0.59855,0.81561,0.04150,0.11356,-0.00215,0.02076,0.07581,-0.01380,0.10440,0.09290,
1403715552662142976,-0.72491,-0.81651,0.19419,-0.22669,0.72885,0.21398,0.60960,0.68638,-0.11102,0.09712,-0.00215,0.02076,0.07581,-0.01380,0.10441,0.09290,
1403715552762142976,-0.66220,-0.83521,0.20170,-0.20578,0.74272,0.16907,0.61437,0.56820,-0.26096,0.06006,-0.00215,0.02076,0.07581,-0.01380,0.10441,0.09290,
1403715552862142976,-0.61110,-0.86954,0.20610,-0.18138,0.75673,0.12365,0.61577,0.45502,-0.42538,0.02154,-0.00215,0.02076,0.07581,-0.01380,0.10442,0.09290,
1403715552962142976,-0.57154,-0.91972,0.20559,-0.16135,0.77181,0.07559,0.61039,0.34217,-0.57919,-0.03105,-0.00216,0.02076,0.07581,-0.01381,0.10442,0.09290,
1403715553062142976,-0.54120,-0.98617,0.20090,-0.14425,0.78372,0.02627,0.60356,0.26461,-0.75087,-0.06196,-0.00216,0.02076,0.07581,-0.01381,0.10443,0.09290,
1403715553162142976,-0.51829,-1.07003,0.19376,-0.11972,0.78917,-0.01664,0.60216,0.19552,-0.92612,-0.07811,-0.00216,0.02076,0.07581,-0.01381,0.10444,0.09290,
1403715553262142976,-0.50179,-1.17117,0.18611,-0.09326,0.78610,-0.05604,0.60845,0.13351,-1.09839,-0.08089,-0.00216,0.02076,0.07581,-0.01381,0.10444,0.09290,
1403715553362142976,-0.49353,-1.28974,0.17767,-0.06123,0.77508,-0.09092,0.62228,0.02183,-1.27360,-0.09778,-0.00216,0.02076,0.07581,-0.01382,0.10445,0.09290,
1403715553462142976,-0.49898,-1.42342,0.16786,-0.01731,0.75963,-0.11755,0.63942,-0.13615,-1.39147,-0.11023,-0.00216,0.02076,0.07581,-0.01382,0.10446,0.09290,
1403715553562142976,-0.52121,-1.56605,0.15391,0.02693,0.74459,-0.14123,0.65186,-0.31659,-1.44982,-0.16705,-0.00216,0.02076,0.07581,-0.01382,0.10446,0.09290,
1403715553662142976,-0.56249,-1.71150,0.13536,0.06472,0.73744,-0.15985,0.65303,-0.50818,-1.44992,-0.20869,-0.00216,0.02076,0.07581,-0.01382,0.10447,0.09290,
1403715553762142976,-0.62293,-1.85456,0.11238,0.08990,0.74562,-0.17240,0.63738,-0.68921,-1.41349,-0.24514,-0.00216,0.02076,0.07581,-0.01383,0.10447,0.09290,
1403715553862142976,-0.69871,-1.99267,0.08781,0.10757,0.76619,-0.17889,0.60777,-0.81945,-1.35223,-0.22062,-0.00216,0.02076,0.07581,-0.01383,0.10448,0.09290,
1403715553962142976,-0.78382,-2.12507,0.06673,0.11803,0.78489,-0.18129,0.58065,-0.86698,-1.29566,-0.19888,-0.00216,0.02076,0.07581,-0.01383,0.10448,0.09290,
1403715554062142976,-0.87048,-2.25251,0.04598,0.11457,0.80504,-0.18735,0.55107,-0.85979,-1.25380,-0.21932,-0.00216,0.02076,0.07581,-0.01383,0.10449,0.09290,
1403715554162142976,-0.95323,-2.37739,0.02536,0.10758,0.82529,-0.19175,0.52015,-0.78447,-1.24440,-0.19533,-0.00216,0.02076,0.07581,-0.01383,0.10450,0.09290,
1403715554262142976,-1.02429,-2.50342,0.00807,0.10292,0.83921,-0.19228,0.49816,-0.63366,-1.27435,-0.16300,-0.00216,0.02076,0.07581,-0.01384,0.10450,0.09290,
1403715554362142976,-1.07840,-2.63302,-0.00880,0.11274,0.84840,-0.18027,0.48477,-0.43829,-1.31030,-0.18906,-0.00216,0.02076,0.07581,-0.01384,0.10451,0.09290,
1403715554462142976,-1.11207,-2.76272,-0.02898,0.15120,0.84674,-0.13717,0.49130,-0.24308,-1.26722,-0.23260,-0.00216,0.02076,0.07581,-0.01384,0.10451,0.09290,
1403715554562142976,-1.12752,-2.88051,-0.05749,0.20680,0.83304,-0.07371,0.50780,-0.07695,-1.05916,-0.32383,-0.00216,0.02076,0.07581,-0.01384,0.10452,0.09290,
1403715554662142976,-1.12794,-2.97028,-0.09540,0.25574,0.81410,-0.01983,0.52101,0.06073,-0.71743,-0.43356,-0.00216,0.02076,0.07581,-0.01385,0.10452,0.09290,
1403715554762142976,-1.11599,-3.01889,-0.14114,0.28576,0.79862,0.01209,0.52952,0.18356,-0.23227,-0.46105,-0.00216,0.02076,0.07581,-0.01385,0.10453,0.09290,
1403715554862142976,-1.09152,-3.01043,-0.18221,0.29933,0.78400,0.02692,0.54315,0.29762,0.42486,-0.33485,-0.00216,0.02076,0.07581,-0.01385,0.10454,0.09290,
1403715554962142976,-1.05685,-2.93063,-0.20101,0.29169,0.77316,0.01876,0.56284,0.37820,1.15147,-0.05673,-0.00216,0.02076,0.07581,-0.01385,0.10454,0.09290,
1403715555062142976,-1.01863,-2.78352,-0.19559,0.24483,0.77696,-0.02705,0.57938,0.38050,1.75029,0.15361,-0.00216,0.02076,0.07581,-0.01385,0.10455,0.09290,
1403715555162142976,-0.98048,-2.58974,-0.17311,0.16878,0.78970,-0.09437,0.58224,0.37409,2.06598,0.26455,-0.00216,0.02076,0.07581,-0.01386,0.10455,0.09290,
1403715555262142976,-0.94348,-2.37725,-0.15113,0.08254,0.79919,-0.16216,0.57291,0.36489,2.14284,0.14861,-0.00216,0.02076,0.07581,-0.01386,0.10456,0.09290,
1403715555362142976,-0.90734,-2.16910,-0.14315,0.01565,0.79893,-0.21146,0.56281,0.35468,1.99026,0.02683,-0.00216,0.02076,0.07581,-0.01386,0.10456,0.09290,
1403715555462142976,-0.87391,-1.98420,-0.13665,0.00197,0.79352,-0.22301,0.56620,0.30694,1.69298,0.13003,-0.00216,0.02076,0.07581,-0.01386,0.10457,0.09290,
1403715555562142976,-0.84677,-1.82936,-0.11649,0.01946,0.78986,-0.21164,0.57529,0.23514,1.41096,0.27815,-0.00216,0.02076,0.07581,-0.01387,0.10457,0.09290,
1403715555662142976,-0.82660,-1.69927,-0.08280,0.03827,0.79029,-0.19608,0.57925,0.15975,1.20108,0.39738,-0.00216,0.02076,0.07581,-0.01387,0.10458,0.09290,
1403715555762142976,-0.81364,-1.58651,-0.03931,0.04093,0.79579,-0.18858,0.57400,0.09816,1.05418,0.47736,-0.00216,0.02076,0.07581,-0.01387,0.10458,0.09290,
1403715555862142976,-0.80529,-1.49033,0.01489,0.02489,0.80048,-0.19303,0.56688,0.07094,0.86249,0.60129,-0.00216,0.02076,0.07581,-0.01387,0.10459,0.09290,
1403715555962142976,-0.79946,-1.41458,0.07983,0.01404,0.80353,-0.19493,0.56226,0.04731,0.65837,0.66152,-0.00216,0.02076,0.07581,-0.01388,0.10459,0.09290,
1403715556062142976,-0.79533,-1.35847,0.14128,-0.00616,0.80616,-0.20472,0.55511,0.04130,0.45696,0.57136,-0.00216,0.02076,0.07581,-0.01388,0.10460,0.09290,
1403715556162142976,-0.79254,-1.32448,0.19440,-0.01629,0.80405,-0.20951,0.55618,0.02069,0.21687,0.50416,-0.00216,0.02076,0.07581,-0.01388,0.10460,0.09290,
1403715556262142976,-0.79181,-1.31584,0.24477,-0.01413,0.79750,-0.20689,0.56656,-0.00750,-0.04087,0.50530,-0.00216,0.02076,0.07581,-0.01388,0.10461,0.09290,
1403715556362142976,-0.79467,-1.33120,0.29333,-0.00767,0.79469,-0.19873,0.57350,-0.05287,-0.26625,0.46736,-0.00216,0.02076,0.07581,-0.01388,0.10461,0.09290,
1403715556462142976,-0.80214,-1.36726,0.33537,0.00356,0.79621,-0.18606,0.57569,-0.09351,-0.44560,0.35746,-0.00216,0.02076,0.07581,-0.01389,0.10462,0.09290,
1403715556562142976,-0.81298,-1.41849,0.36302,0.03068,0.80432,-0.16219,0.57081,-0.11183,-0.56416,0.19694,-0.00216,0.02076,0.07581,-0.01389,0.10462,0.09291,
1403715556662142976,-0.82509,-1.47855,0.37476,0.04919,0.81233,-0.14441,0.56289,-0.12908,-0.62909,0.03412,-0.00216,0.02076,0.07581,-0.01389,0.10463,0.09291,
1403715556762142976,-0.83643,-1.54362,0.37043,0.05895,0.82153,-0.13288,0.55133,-0.08924,-0.67381,-0.09484,-0.00216,0.02077,0.07581,-0.01389,0.10463,0.09291,
1403715556862142976,-0.84248,-1.61191,0.35825,0.07209,0.82306,-0.11991,0.55045,-0.03669,-0.68357,-0.13678,-0.00216,0.02077,0.07581,-0.01390,0.10464,0.09291,
1403715556962142976,-0.84358,-1.67972,0.34451,0.08305,0.82318,-0.10934,0.55093,0.01329,-0.66320,-0.14454,-0.00216,0.02077,0.07581,-0.01390,0.10464,0.09291,
1403715557062142976,-0.83854,-1.74409,0.32807,0.07849,0.82989,-0.11162,0.54099,0.08580,-0.62369,-0.17206,-0.00216,0.02077,0.07581,-0.01390,0.10464,0.09291,
1403715557162142976,-0.82580,-1.80563,0.31173,0.06692,0.83968,-0.12000,0.52541,0.17406,-0.61121,-0.15280,-0.00216,0.02077,0.07581,-0.01390,0.10465,0.09291,
1403715557262142976,-0.80176,-1.86795,0.29737,0.05735,0.84784,-0.12773,0.51143,0.30924,-0.64207,-0.13040,-0.00216,0.02077,0.07581,-0.01390,0.10465,0.09291,
1403715557362142976,-0.76344,-1.93380,0.28536,0.05417,0.85211,-0.13199,0.50354,0.45830,-0.67558,-0.11701,-0.00216,0.02077,0.07581,-0.01391,0.10466,0.09291,
1403715557462142976,-0.70997,-2.00448,0.27494,0.05627,0.84875,-0.13316,0.50864,0.60699,-0.73054,-0.09753,-0.00216,0.02077,0.07581,-0.01391,0.10466,0.09291,
1403715557562142976,-0.64298,-2.07924,0.26564,0.06675,0.83780,-0.12831,0.52647,0.72398,-0.75734,-0.10204,-0.00216,0.02077,0.07581,-0.01391,0.10467,0.09291,
1403715557662142976,-0.56605,-2.15524,0.25491,0.07972,0.82789,-0.12163,0.54171,0.81081,-0.75822,-0.10825,-0.00216,0.02077,0.07581,-0.01391,0.10467,0.09291,
1403715557762142976,-0.48222,-2.22920,0.24320,0.08951,0.82035,-0.11829,0.55229,0.86330,-0.71513,-0.11640,-0.00216,0.02077,0.07581,-0.01392,0.10467,0.09291,
1403715557862142976,-0.39436,-2.29897,0.23579,0.08862,0.81776,-0.12462,0.55488,0.89342,-0.67953,-0.02313,-0.00216,0.02077,0.07581,-0.01392,0.10467,0.09291,
1403715557962142976,-0.30320,-2.36537,0.24019,0.08754,0.81674,-0.13246,0.55473,0.92633,-0.64933,0.10630,-0.00216,0.02077,0.07581,-0.01392,0.10468,0.09291,
1403715558062142976,-0.20970,-2.42905,0.25690,0.08844,0.81532,-0.13824,0.55526,0.94746,-0.63121,0.21936,-0.00216,0.02077,0.07581,-0.01392,0.10468,0.09291,
1403715558162142976,-0.11291,-2.49125,0.28427,0.08936,0.81649,-0.14259,0.55229,0.98422,-0.61221,0.30473,-0.00216,0.02077,0.07581,-0.01393,0.10469,0.09292,
1403715558262142976,-0.01310,-2.55213,0.31526,0.09720,0.81856,-0.14053,0.54841,1.01597,-0.60776,0.30573,-0.00216,0.02077,0.07581,-0.01393,0.10469,0.09292,
1403715558362142976,0.09051,-2.61095,0.34538,0.11117,0.81564,-0.13275,0.55205,1.05240,-0.56539,0.28873,-0.00216,0.02077,0.07581,-0.01393,0.10469,0.09292,
1403715558462142976,0.19791,-2.66377,0.37292,0.11541,0.80567,-0.13008,0.56627,1.08473,-0.49179,0.24186,-0.00216,0.02077,0.07581,-0.01393,0.10470,0.09292,
1403715558562142976,0.30472,-2.70974,0.39165,0.11097,0.78979,-0.13264,0.58850,1.04481,-0.42672,0.12984,-0.00216,0.02077,0.07581,-0.01393,0.10470,0.09292,
1403715558662142976,0.40577,-2.75063,0.39796,0.10644,0.77906,-0.13573,0.60275,0.97253,-0.38913,-0.00624,-0.00216,0.02077,0.07581,-0.01394,0.10470,0.09292,
1403715558762142976,0.49912,-2.78596,0.39176,0.10292,0.77626,-0.13383,0.60738,0.89538,-0.31977,-0.08443,-0.00216,0.02077,0.07581,-0.01394,0.10471,0.09292,
1403715558862142976,0.58428,-2.81482,0.38410,0.10105,0.77769,-0.12157,0.60844,0.80879,-0.25416,-0.07006,-0.00216,0.02077,0.07581,-0.01394,0.10471,0.09292,
1403715558962142976,0.65958,-2.83679,0.37900,0.09998,0.77989,-0.10162,0.60947,0.69785,-0.17884,-0.03362,-0.00216,0.02077,0.07581,-0.01394,0.10471,0.09292,
1403715559062142976,0.72395,-2.84962,0.37716,0.09574,0.78245,-0.07901,0.61021,0.59329,-0.07162,0.00012,-0.00216,0.02077,0.07581,-0.01395,0.10472,0.09292,
1403715559162142976,0.77802,-2.85161,0.37863,0.08205,0.78351,-0.05833,0.61317,0.49089,0.03280,0.03184,-0.00216,0.02077,0.07581,-0.01395,0.10472,0.09292,
1403715559262142976,0.82203,-2.84370,0.38206,0.06890,0.78375,-0.03465,0.61627,0.39176,0.12575,0.02929,-0.00216,0.02077,0.07581,-0.01395,0.10473,0.09292,
1403715559362142976,0.85552,-2.82640,0.38432,0.05701,0.78493,-0.00858,0.61690,0.27946,0.21956,0.00660,-0.00216,0.02077,0.07581,-0.01395,0.10473,0.09292,
1403715559462142976,0.87868,-2.80052,0.38344,0.04508,0.79246,0.01565,0.60806,0.18865,0.29615,-0.04595,-0.00216,0.02077,0.07581,-0.01395,0.10473,0.09292,
1403715559562142976,0.89494,-2.76632,0.37205,0.02435,0.80549,0.02625,0.59153,0.13632,0.37771,-0.17976,-0.00216,0.02077,0.07581,-0.01395,0.10474,0.09292,
1403715559662142976,0.90673,-2.72650,0.34825,0.00524,0.81338,0.03189,0.58083,0.11107,0.42018,-0.28915,-0.00216,0.02077,0.07581,-0.01396,0.10474,0.09293,
1403715559762142976,0.91819,-2.68213,0.31633,-0.00101,0.81579,0.04578,0.57652,0.11619,0.46949,-0.33445,-0.00216,0.02077,0.07581,-0.01396,0.10474,0.09293,
1403715559862142976,0.92896,-2.63209,0.28290,-0.00793,0.81619,0.06244,0.57434,0.10017,0.53416,-0.33420,-0.00216,0.02077,0.07581,-0.01396,0.10475,0.09293,
1403715559962142976,0.93893,-2.57489,0.25024,-0.01295,0.81537,0.08535,0.57247,0.09727,0.61671,-0.31835,-0.00216,0.02077,0.07581,-0.01396,0.10475,0.09293,
1403715560062142976,0.94858,-2.50845,0.21930,-0.02088,0.81378,0.10921,0.57043,0.09185,0.71441,-0.29050,-0.00216,0.02077,0.07581,-0.01397,0.10475,0.09293,
1403715560162142976,0.95759,-2.43109,0.19611,-0.03400,0.81256,0.13077,0.56700,0.08691,0.83461,-0.18084,-0.00216,0.02077,0.07581,-0.01397,0.10475,0.09293,
1403715560262142976,0.96586,-2.34271,0.18555,-0.05996,0.81181,0.14362,0.56279,0.08247,0.92418,-0.03837,-0.00216,0.02077,0.07581,-0.01397,0.10476,0.09293,
1403715560362142976,0.97508,-2.24685,0.18622,-0.08415,0.81072,0.15743,0.55756,0.09852,0.98366,0.03199,-0.00216,0.02077,0.07581,-0.01397,0.10476,0.09293,
1403715560462142976,0.98567,-2.14693,0.19025,-0.10278,0.80757,0.17510,0.55372,0.11647,1.01831,0.03890,-0.00216,0.02077,0.07581,-0.01398,0.10476,0.09293,
1403715560562142976,0.99794,-2.04398,0.19281,-0.12000,0.80306,0.19286,0.55091,0.13109,1.04280,0.02173,-0.00216,0.02077,0.07581,-0.01398,0.10477,0.09293,
1403715560662142976,1.01146,-1.93833,0.19604,-0.13519,0.79735,0.21386,0.54793,0.14525,1.07804,0.04419,-0.00216,0.02077,0.07581,-0.01398,0.10477,0.09293,
1403715560762142976,1.02671,-1.82874,0.20099,-0.14949,0.79019,0.23709,0.54501,0.15825,1.11085,0.04811,-0.00216,0.02077,0.07581,-0.01398,0.10477,0.09293,
1403715560862142976,1.04251,-1.71650,0.20584,-0.15965,0.78097,0.26431,0.54289,0.15695,1.14275,0.04727,-0.00216,0.02077,0.07581,-0.01398,0.10478,0.09293,
1403715560962142976,1.05734,-1.59980,0.21082,-0.17105,0.77150,0.29236,0.53857,0.13867,1.19607,0.05231,-0.00216,0.02077,0.07581,-0.01399,0.10478,0.09293,
1403715561062142976,1.07032,-1.47824,0.21625,-0.18796,0.76142,0.31857,0.53237,0.11726,1.23528,0.05680,-0.00216,0.02077,0.07581,-0.01399,0.10478,0.09294,
1403715561162142976,1.08127,-1.35265,0.22031,-0.21033,0.75235,0.34067,0.52313,0.10279,1.27311,0.03810,-0.00216,0.02077,0.07581,-0.01399,0.10478,0.09294,
1403715561262142976,1.09102,-1.22397,0.22403,-0.23499,0.74556,0.35487,0.51282,0.09664,1.29270,0.02593,-0.00216,0.02077,0.07581,-0.01399,0.10479,0.09294,
1403715561362142976,1.10176,-1.09430,0.22628,-0.26259,0.74278,0.35945,0.50012,0.11730,1.29301,0.01849,-0.00216,0.02077,0.07581,-0.01399,0.10479,0.09294,
1403715561462142976,1.11568,-0.96554,0.22840,-0.28172,0.73644,0.36866,0.49232,0.16118,1.27063,0.03086,-0.00216,0.02077,0.07581,-0.01400,0.10479,0.09294,
1403715561562142976,1.13430,-0.83915,0.23305,-0.28844,0.72337,0.38661,0.49404,0.20211,1.24738,0.05281,-0.00216,0.02077,0.07581,-0.01400,0.10480,0.09294,
1403715561662142976,1.15564,-0.71478,0.23866,-0.28954,0.70809,0.40784,0.49844,0.21177,1.24457,0.05860,-0.00216,0.02077,0.07581,-0.01400,0.10480,0.09294,
1403715561762142976,1.17581,-0.59112,0.24477,-0.29740,0.68986,0.42561,0.50449,0.17782,1.22310,0.06158,-0.00216,0.02077,0.07581,-0.01400,0.10480,0.09294,
1403715561862142976,1.19151,-0.47051,0.25183,-0.31071,0.67167,0.44207,0.50684,0.12601,1.18726,0.07460,-0.00216,0.02077,0.07581,-0.01400,0.10480,0.09294,
1403715561962142976,1.20075,-0.35381,0.26101,-0.32823,0.65113,0.45759,0.50883,0.06286,1.13914,0.10079,-0.00216,0.02078,0.07581,-0.01401,0.10481,0.09294,
1403715562062142976,1.20316,-0.24462,0.27210,-0.34755,0.63001,0.46880,0.51236,-0.00849,1.03812,0.10952,-0.00216,0.02078,0.07581,-0.01401,0.10481,0.09294,
1403715562162142976,1.19842,-0.14701,0.28472,-0.36001,0.61132,0.47671,0.51906,-0.08717,0.91444,0.12459,-0.00216,0.02078,0.07581,-0.01401,0.10481,0.09294,
1403715562262142976,1.18515,-0.06258,0.29667,-0.36074,0.59925,0.48647,0.52357,-0.18427,0.77167,0.10713,-0.00216,0.02078,0.07581,-0.01401,0.10481,0.09294,
1403715562362142976,1.16109,0.00738,0.30610,-0.34942,0.59707,0.49959,0.52136,-0.30456,0.63898,0.08386,-0.00216,0.02078,0.07581,-0.01402,0.10482,0.09295,
1403715562462142976,1.12390,0.06724,0.31291,-0.33080,0.60167,0.51598,0.51217,-0.44534,0.56254,0.05996,-0.00216,0.02078,0.07581,-0.01402,0.10482,0.09295,
1403715562562142976,1.07182,0.12198,0.32003,-0.31813,0.59880,0.53243,0.50670,-0.60648,0.54795,0.09100,-0.00216,0.02078,0.07581,-0.01402,0.10482,0.09295,
1403715562662142976,1.00269,0.17579,0.32755,-0.32312,0.59473,0.54284,0.49721,-0.76571,0.52569,0.05133,-0.00216,0.02078,0.07581,-0.01402,0.10482,0.09295,
1403715562762142976,0.91946,0.22766,0.33275,-0.34373,0.60427,0.54177,0.47243,-0.88529,0.51554,0.05582,-0.00216,0.02078,0.07581,-0.01402,0.10483,0.09295,
1403715562862142976,0.82737,0.27870,0.33771,-0.36289,0.61013,0.54095,0.45103,-0.95214,0.50044,0.04194,-0.00216,0.02078,0.07581,-0.01402,0.10483,0.09295,
1403715562962142976,0.73113,0.32813,0.34196,-0.38036,0.60832,0.54526,0.43355,-0.96601,0.48916,0.03864,-0.00216,0.02078,0.07581,-0.01403,0.10483,0.09295,
1403715563062142976,0.63453,0.37665,0.34554,-0.39615,0.59796,0.55427,0.42225,-0.96022,0.48458,0.03873,-0.00216,0.02078,0.07581,-0.01403,0.10484,0.09295,
1403715563162142976,0.53818,0.42411,0.34975,-0.41097,0.57553,0.56852,0.42030,-0.96467,0.46357,0.04732,-0.00216,0.02078,0.07581,-0.01403,0.10484,0.09295,
1403715563262142976,0.44086,0.46913,0.35422,-0.43218,0.54582,0.58440,0.41688,-0.98266,0.42480,0.04179,-0.00216,0.02078,0.07581,-0.01403,0.10484,0.09295,
1403715563362142976,0.34169,0.50682,0.35725,-0.45428,0.51259,0.60498,0.40606,-0.99804,0.32545,0.02494,-0.00216,0.02078,0.07581,-0.01403,0.10484,0.09296,
1403715563462142976,0.24245,0.53498,0.35867,-0.47259,0.47772,0.62964,0.38987,-0.98859,0.24147,-0.00990,-0.00216,0.02078,0.07581,-0.01404,0.10485,0.09296,
1403715563562142976,0.14351,0.55412,0.35194,-0.48728,0.44234,0.65368,0.37362,-0.98763,0.13675,-0.13474,-0.00216,0.02078,0.07581,-0.01404,0.10485,0.09296,
1403715563662142976,0.04537,0.56205,0.33300,-0.50041,0.40741,0.67399,0.35965,-0.97162,0.02228,-0.24504,-0.00216,0.02078,0.07581,-0.01404,0.10485,0.09296,
1403715563762142976,-0.05196,0.55820,0.30416,-0.51403,0.37320,0.68994,0.34711,-0.97111,-0.10218,-0.34069,-0.00216,0.02078,0.07581,-0.01405,0.10485,0.09296,
1403715563862142976,-0.14959,0.54163,0.26477,-0.53437,0.34606,0.70038,0.32273,-0.97344,-0.22642,-0.45134,-0.00216,0.02078,0.07581,-0.01405,0.10486,0.09296,
1403715563962142976,-0.24493,0.51217,0.21470,-0.55335,0.32310,0.71119,0.28917,-0.93321,-0.36113,-0.54752,-0.00216,0.02078,0.07581,-0.01405,0.10486,0.09296,
1403715564062142976,-0.33449,0.47051,0.15825,-0.56869,0.30374,0.72372,0.24610,-0.85378,-0.47127,-0.56273,-0.00216,0.02078,0.07581,-0.01405,0.10486,0.09296,
1403715564162142976,-0.41382,0.41944,0.10340,-0.58212,0.27997,0.73496,0.20639,-0.74168,-0.54361,-0.52297,-0.00216,0.02078,0.07581,-0.01406,0.10486,0.09296,
1403715564262142976,-0.48172,0.36362,0.05258,-0.59020,0.25117,0.74792,0.17088,-0.61628,-0.56914,-0.45652,-0.00216,0.02078,0.07581,-0.01406,0.10487,0.09296,
1403715564362142976,-0.53660,0.30568,0.01416,-0.59496,0.21227,0.76197,0.14271,-0.48613,-0.58974,-0.32805,-0.00216,0.02078,0.07581,-0.01406,0.10487,0.09296,
1403715564462142976,-0.57957,0.24635,-0.01158,-0.58597,0.17006,0.78428,0.11233,-0.38555,-0.59177,-0.17413,-0.00216,0.02078,0.07581,-0.01406,0.10487,0.09296,
1403715564562142976,-0.61411,0.18709,-0.02046,-0.57678,0.12589,0.80283,0.08329,-0.30510,-0.59540,-0.01380,-0.00216,0.02078,0.07581,-0.01407,0.10488,0.09297,
1403715564662142976,-0.64212,0.12819,-0.01357,-0.57231,0.07942,0.81414,0.05770,-0.26413,-0.58489,0.14744,-0.00216,0.02078,0.07581,-0.01407,0.10488,0.09297,
1403715564762142976,-0.66724,0.06947,0.00800,0.57062,-0.03205,-0.81982,-0.03552,-0.23891,-0.59346,0.29060,-0.00216,0.02078,0.07581,-0.01407,0.10488,0.09297,
1403715564862142976,-0.69118,0.00940,0.04358,0.57129,0.01343,-0.82053,-0.01354,-0.23259,-0.60925,0.41993,-0.00216,0.02078,0.07581,-0.01407,0.10488,0.09297,
1403715564962142976,-0.71427,-0.05313,0.09306,0.57691,0.05628,-0.81483,0.00785,-0.21988,-0.64474,0.55577,-0.00216,0.02078,0.07581,-0.01408,0.10489,0.09297,
1403715565062142976,-0.73369,-0.12034,0.15436,0.57926,0.09663,-0.80879,0.03133,-0.16725,-0.69805,0.66551,-0.00216,0.02078,0.07581,-0.01408,0.10489,0.09297,
1403715565162142976,-0.74747,-0.19230,0.21957,0.57690,0.13202,-0.80357,0.06356,-0.10803,-0.73572,0.60767,-0.00216,0.02078,0.07581,-0.01408,0.10489,0.09297,
1403715565262142976,-0.75572,-0.26652,0.27470,0.57204,0.16387,-0.79780,0.09716,-0.06647,-0.74696,0.48657,-0.00216,0.02078,0.07581,-0.01408,0.10490,0.09297,
1403715565362142976,-0.76029,-0.34121,0.31789,0.57348,0.19210,-0.78589,0.12887,-0.02712,-0.74527,0.37601,-0.00216,0.02078,0.07581,-0.01409,0.10490,0.09297,
1403715565462142976,-0.75983,-0.41403,0.34899,0.57649,0.21853,-0.77080,0.16054,0.03658,-0.70709,0.25022,-0.00216,0.02078,0.07581,-0.01409,0.10490,0.09297,
1403715565562142976,-0.75214,-0.48265,0.37032,0.57553,0.24882,-0.75576,0.18888,0.12144,-0.65705,0.20209,-0.00216,0.02078,0.07581,-0.01409,0.10490,0.09298,
1403715565662142976,-0.73547,-0.54547,0.39290,0.56885,0.28247,-0.74096,0.21819,0.21406,-0.59456,0.25337,-0.00216,0.02078,0.07581,-0.01409,0.10491,0.09298,
1403715565762142976,-0.70963,-0.60163,0.42048,0.55584,0.32106,-0.72589,0.24708,0.31078,-0.52172,0.29126,-0.00216,0.02078,0.07581,-0.01409,0.10491,0.09298,
1403715565862142976,-0.67440,-0.64935,0.45091,0.53521,0.36430,-0.71046,0.27583,0.39359,-0.43631,0.32561,-0.00216,0.02078,0.07581,-0.01410,0.10491,0.09298,
1403715565962142976,-0.63163,-0.68895,0.48346,0.51505,0.40960,-0.68776,0.30652,0.45683,-0.36475,0.32702,-0.00216,0.02078,0.07581,-0.01410,0.10491,0.09298,
1403715566062142976,-0.58361,-0.72128,0.51568,0.49390,0.45229,-0.66074,0.33902,0.50179,-0.27912,0.31586,-0.00216,0.02078,0.07581,-0.01410,0.10492,0.09298,
1403715566162142976,-0.53232,-0.74500,0.54757,0.47287,0.49325,-0.63108,0.36722,0.52066,-0.19716,0.30637,-0.00216,0.02078,0.07581,-0.01410,0.10492,0.09298,
1403715566262142976,-0.47847,-0.75977,0.57773,0.45045,0.53074,-0.59973,0.39464,0.54998,-0.10231,0.29301,-0.00216,0.02078,0.07581,-0.01411,0.10492,0.09298,
1403715566362142976,-0.42287,-0.76528,0.60660,0.42674,0.56545,-0.56691,0.42046,0.55629,-0.00349,0.25981,-0.00216,0.02078,0.07581,-0.01411,0.10492,0.09298,
1403715566462142976,-0.36661,-0.76148,0.62743,0.40353,0.59680,-0.53328,0.44341,0.56369,0.07184,0.15176,-0.00216,0.02078,0.07581,-0.01411,0.10492,0.09298,
1403715566562142976,-0.31001,-0.75038,0.63670,0.38214,0.62231,-0.49917,0.46641,0.57402,0.15035,0.03672,-0.00216,0.02078,0.07581,-0.01412,0.10493,0.09298,
1403715566662142976,-0.25291,-0.73004,0.63437,0.36147,0.64562,-0.46464,0.48644,0.57161,0.24974,-0.07576,-0.00216,0.02078,0.07581,-0.01412,0.10493,0.09298,
1403715566762142976,-0.19568,-0.70000,0.62525,0.33750,0.66997,-0.42750,0.50447,0.57198,0.36074,-0.10239,-0.00216,0.02078,0.07581,-0.01412,0.10493,0.09298,
1403715566862142976,-0.13901,-0.65851,0.61630,0.30644,0.69344,-0.38920,0.52323,0.55915,0.46508,-0.07047,-0.00216,0.02078,0.07581,-0.01412,0.10493,0.09298,
1403715566962142976,-0.08387,-0.60684,0.61021,0.27313,0.71445,-0.34567,0.54358,0.53588,0.56303,-0.06931,-0.00216,0.02078,0.07581,-0.01413,0.10494,0.09299,
1403715567062142976,-0.03239,-0.54491,0.60270,0.23221,0.73710,-0.30093,0.55876,0.49355,0.67057,-0.08378,-0.00216,0.02078,0.07581,-0.01413,0.10494,0.09299,
1403715567162142976,0.01449,-0.47430,0.59571,0.18531,0.75681,-0.25366,0.57321,0.44111,0.74282,-0.05759,-0.00216,0.02078,0.07581,-0.01413,0.10494,0.09299,
1403715567262142976,0.05470,-0.39741,0.58847,0.13850,0.77723,-0.20143,0.57980,0.37774,0.78610,-0.07651,-0.00216,0.02078,0.07581,-0.01414,0.10494,0.09299,
1403715567362142976,0.09051,-0.31742,0.57997,0.09491,0.79538,-0.14282,0.58135,0.33356,0.81216,-0.09765,-0.00216,0.02078,0.07581,-0.01414,0.10494,0.09299,
1403715567462142976,0.12144,-0.23527,0.56543,0.05583,0.80969,-0.08017,0.57868,0.29341,0.82866,-0.20711,-0.00216,0.02078,0.07581,-0.01414,0.10495,0.09299,
1403715567562142976,0.14910,-0.15187,0.53808,0.01947,0.81732,-0.01907,0.57554,0.26856,0.84297,-0.34388,-0.00216,0.02078,0.07581,-0.01414,0.10495,0.09299,
1403715567662142976,0.17463,-0.06662,0.49946,-0.01763,0.81699,0.03740,0.57518,0.24527,0.86792,-0.41966,-0.00216,0.02078,0.07581,-0.01415,0.10495,0.09299,
1403715567762142976,0.19828,0.02113,0.45644,-0.05552,0.80900,0.09228,0.57787,0.21926,0.88851,-0.43576,-0.00216,0.02078,0.07581,-0.01415,0.10495,0.09299,
1403715567862142976,0.21833,0.11085,0.41394,-0.09300,0.79700,0.14538,0.57880,0.18076,0.90444,-0.42544,-0.00216,0.02078,0.07581,-0.01415,0.10496,0.09299,
1403715567962142976,0.23409,0.20201,0.37276,-0.12717,0.78349,0.19913,0.57473,0.13139,0.91372,-0.40138,-0.00216,0.02079,0.07581,-0.01415,0.10496,0.09299,
1403715568062142976,0.24406,0.29361,0.33465,-0.15961,0.76480,0.24927,0.57225,0.06423,0.91983,-0.35668,-0.00216,0.02079,0.07581,-0.01416,0.10496,0.09299,
1403715568162142976,0.24569,0.38558,0.29981,-0.19383,0.74310,0.29466,0.56869,-0.03137,0.91452,-0.33587,-0.00216,0.02079,0.07581,-0.01416,0.10496,0.09299,
1403715568262142976,0.23774,0.47607,0.26562,-0.22760,0.72226,0.33767,0.55904,-0.13003,0.89728,-0.34860,-0.00216,0.02079,0.07581,-0.01416,0.10496,0.09299,
1403715568362142976,0.22041,0.56414,0.23224,-0.26099,0.70122,0.37755,0.54556,-0.21713,0.85702,-0.32313,-0.00216,0.02079,0.07581,-0.01416,0.10497,0.09299,
1403715568462142976,0.19460,0.64758,0.20171,-0.29152,0.67824,0.41631,0.53075,-0.29979,0.80953,-0.27961,-0.00216,0.02079,0.07581,-0.01417,0.10497,0.09299,
1403715568562142976,0.16039,0.72542,0.17623,-0.31984,0.65374,0.45432,0.51373,-0.38882,0.74895,-0.22386,-0.00216,0.02079,0.07581,-0.01417,0.10497,0.09299,
1403715568662142976,0.11742,0.79676,0.15621,-0.34441,0.62686,0.49228,0.49607,-0.47076,0.67615,-0.17951,-0.00216,0.02079,0.07581,-0.01417,0.10497,0.09299,
1403715568762142976,0.06605,0.86124,0.14080,-0.37003,0.59944,0.52730,0.47509,-0.55021,0.61285,-0.13188,-0.00216,0.02079,0.07581,-0.01417,0.10497,0.09299,
1403715568862142976,0.00792,0.91912,0.12882,-0.39172,0.57168,0.56131,0.45241,-0.61029,0.54616,-0.10632,-0.00216,0.02079,0.07581,-0.01417,0.10498,0.09299,
1403715568962142976,-0.05550,0.97011,0.11737,-0.40987,0.54685,0.59226,0.42685,-0.65350,0.47530,-0.11495,-0.00216,0.02079,0.07581,-0.01417,0.10498,0.09299,
1403715569062142976,-0.12284,1.01491,0.10549,-0.42393,0.52290,0.62019,0.40278,-0.69216,0.42164,-0.12468,-0.00216,0.02079,0.07581,-0.01418,0.10498,0.09299,
1403715569162142976,-0.19381,1.05511,0.09266,-0.43904,0.49889,0.64426,0.37854,-0.73110,0.38129,-0.13163,-0.00216,0.02079,0.07581,-0.01418,0.10498,0.09299,
1403715569262142976,-0.26738,1.09178,0.08112,-0.45703,0.47635,0.66089,0.35698,-0.74160,0.35698,-0.09053,-0.00216,0.02079,0.07581,-0.01418,0.10498,0.09299,
1403715569362142976,-0.34161,1.12553,0.07290,-0.47929,0.45061,0.66846,0.34698,-0.74028,0.31289,-0.08037,-0.00216,0.02079,0.07581,-0.01418,0.10498,0.09299,
1403715569462142976,-0.41589,1.15334,0.06645,-0.49817,0.42666,0.67455,0.33878,-0.74063,0.24252,-0.05631,-0.00216,0.02079,0.07581,-0.01419,0.10499,0.09299,
1403715569562142976,-0.48968,1.17314,0.06120,-0.50898,0.40228,0.68540,0.33067,-0.73101,0.14878,-0.04131,-0.00216,0.02079,0.07581,-0.01419,0.10499,0.09299,
1403715569662142976,-0.56262,1.18296,0.05597,-0.51533,0.37884,0.69960,0.31855,-0.72413,0.04504,-0.05922,-0.00216,0.02079,0.07581,-0.01419,0.10499,0.09299,
1403715569762142976,-0.63524,1.18235,0.05099,-0.52090,0.35641,0.71553,0.29943,-0.72404,-0.06328,-0.04465,-0.00216,0.02079,0.07581,-0.01419,0.10499,0.09299,
1403715569862142976,-0.70754,1.17104,0.04741,-0.52993,0.33166,0.73080,0.27406,-0.72101,-0.15653,-0.02462,-0.00216,0.02079,0.07581,-0.01419,0.10499,0.09299,
1403715569962142976,-0.77880,1.15044,0.04591,-0.54360,0.29996,0.74205,0.25274,-0.70605,-0.25169,-0.01164,-0.00216,0.02079,0.07581,-0.01420,0.10499,0.09299,
1403715570062142976,-0.84785,1.12150,0.04433,-0.55650,0.26709,0.75243,0.22983,-0.67523,-0.33317,-0.02441,-0.00216,0.02079,0.07581,-0.01420,0.10500,0.09299,
1403715570162142976,-0.91405,1.08430,0.04145,-0.56752,0.23278,0.76260,0.20538,-0.64314,-0.41128,-0.03540,-0.00216,0.02079,0.07581,-0.01420,0.10500,0.09299,
1403715570262142976,-0.97503,1.03838,0.03776,-0.57699,0.19704,0.77220,0.17880,-0.58552,-0.50134,-0.03675,-0.00216,0.02079,0.07581,-0.01420,0.10500,0.09299,
1403715570362142976,-1.03064,0.98383,0.03281,-0.58757,0.15822,0.77897,0.15149,-0.51846,-0.58708,-0.05871,-0.00216,0.02079,0.07581,-0.01421,0.10500,0.09299,
1403715570462142976,-1.07920,0.92065,0.02608,-0.59745,0.11816,0.78382,0.12132,-0.44924,-0.66875,-0.06561,-0.00216,0.02079,0.07581,-0.01421,0.10500,0.09299,
1403715570562142976,-1.11936,0.84984,0.01846,-0.60574,0.07509,0.78682,0.09141,-0.34404,-0.74670,-0.09451,-0.00216,0.02079,0.07581,-0.01421,0.10501,0.09299,
1403715570662142976,-1.14807,0.77169,0.00704,-0.60663,0.03223,0.79213,0.05918,-0.22755,-0.80757,-0.14212,-0.00216,0.02079,0.07581,-0.01421,0.10501,0.09299,
1403715570762142976,-1.16624,0.68813,-0.00684,0.60133,0.01021,-0.79855,-0.02498,-0.13216,-0.86464,-0.13280,-0.00216,0.02079,0.07581,-0.01421,0.10501,0.09299,
1403715570862142976,-1.17542,0.59977,-0.02070,0.59634,0.05435,-0.80085,0.00882,-0.05269,-0.90222,-0.13460,-0.00216,0.02079,0.07581,-0.01422,0.10501,0.09299,
1403715570962142976,-1.17664,0.50864,-0.03510,0.58822,0.09584,-0.80194,0.04122,0.02901,-0.92065,-0.15061,-0.00216,0.02079,0.07581,-0.01422,0.10501,0.09299,
1403715571062142976,-1.17085,0.41623,-0.05007,0.57921,0.12862,-0.80183,0.07100,0.08145,-0.92372,-0.15280,-0.00216,0.02079,0.07581,-0.01422,0.10501,0.09299,
1403715571162142976,-1.16028,0.32504,-0.06510,0.57541,0.14779,-0.79854,0.09690,0.12217,-0.90332,-0.13750,-0.00216,0.02079,0.07581,-0.01422,0.10502,0.09299,
1403715571262142976,-1.14615,0.23649,-0.07658,0.58461,0.16036,-0.78717,0.11347,0.17025,-0.86563,-0.09386,-0.00216,0.02079,0.07581,-0.01422,0.10502,0.09299,
1403715571362142976,-1.12498,0.15299,-0.08617,0.59543,0.16883,-0.77623,0.12010,0.25681,-0.81094,-0.08842,-0.00216,0.02079,0.07581,-0.01423,0.10502,0.09299,
1403715571462142976,-1.09530,0.07399,-0.09644,0.59087,0.17433,-0.77836,0.12096,0.33499,-0.76691,-0.10697,-0.00216,0.02079,0.07581,-0.01423,0.10502,0.09299,
1403715571562142976,-1.05791,-0.00091,-0.10874,0.57521,0.17313,-0.78950,0.12591,0.40604,-0.73114,-0.15350,-0.00216,0.02079,0.07581,-0.01423,0.10503,0.09299,
1403715571662142976,-1.01618,-0.07288,-0.12983,0.55079,0.15922,-0.80629,0.14550,0.41579,-0.70123,-0.27412,-0.00216,0.02079,0.07581,-0.01423,0.10503,0.09299,
1403715571762142976,-0.97726,-0.13928,-0.16387,0.51842,0.13767,-0.82621,0.17223,0.35518,-0.61705,-0.40115,-0.00216,0.02079,0.07581,-0.01424,0.10503,0.09299,
1403715571862142976,-0.94875,-0.19511,-0.20439,0.48591,0.12157,-0.84452,0.18950,0.19679,-0.49465,-0.40456,-0.00216,0.02079,0.07581,-0.01424,0.10503,0.09299,
1403715571962142976,-0.94040,-0.23716,-0.24375,0.45782,0.11238,-0.86001,0.19533,-0.03912,-0.34883,-0.37950,-0.00216,0.02079,0.07581,-0.01424,0.10503,0.09299,
1403715572062142976,-0.95996,-0.26474,-0.27884,0.43775,0.11609,-0.87204,0.18557,-0.35328,-0.20334,-0.32040,-0.00216,0.02079,0.07581,-0.01424,0.10503,0.09299,
1403715572162142976,-1.01141,-0.28060,-0.30750,0.43620,0.14077,-0.87494,0.15618,-0.67031,-0.13455,-0.25421,-0.00216,0.02079,0.07581,-0.01424,0.10504,0.09299,
1403715572262142976,-1.09250,-0.29558,-0.32954,0.46193,0.17699,-0.85972,0.12722,-0.92961,-0.18169,-0.19429,-0.00216,0.02079,0.07581,-0.01425,0.10504,0.09299,
1403715572362142976,-1.19288,-0.31880,-0.34938,0.50483,0.21734,-0.82831,0.10876,-1.05473,-0.29207,-0.20630,-0.00216,0.02079,0.07581,-0.01425,0.10504,0.09299,
1403715572462142976,-1.29797,-0.35378,-0.37103,0.54176,0.24909,-0.79539,0.10865,-1.03396,-0.40520,-0.24810,-0.00216,0.02079,0.07581,-0.01425,0.10504,0.09299,
1403715572562142976,-1.39783,-0.39923,-0.39648,0.55769,0.27064,-0.77463,0.12524,-0.95741,-0.50210,-0.26149,-0.00216,0.02079,0.07581,-0.01425,0.10505,0.09299,
1403715572662142976,-1.48762,-0.45385,-0.42215,0.56197,0.29269,-0.76001,0.14459,-0.83389,-0.58841,-0.25726,-0.00216,0.02079,0.07581,-0.01425,0.10505,0.09299,
1403715572762142976,-1.56506,-0.51601,-0.44684,0.55594,0.31802,-0.75064,0.16229,-0.71150,-0.65901,-0.22043,-0.00216,0.02079,0.07581,-0.01426,0.10505,0.09299,
1403715572862142976,-1.62936,-0.58499,-0.46285,0.54299,0.33939,-0.74522,0.18608,-0.58344,-0.72631,-0.08190,-0.00216,0.02079,0.07581,-0.01426,0.10505,0.09299,
1403715572962142976,-1.68318,-0.65993,-0.46470,0.53319,0.35772,-0.73628,0.21362,-0.49310,-0.77265,0.04063,-0.00216,0.02079,0.07581,-0.01426,0.10505,0.09299,
1403715573062142976,-1.72784,-0.73835,-0.45406,0.52546,0.37684,-0.72406,0.24004,-0.40262,-0.79782,0.17313,-0.00216,0.02079,0.07581,-0.01426,0.10506,0.09299,
1403715573162142976,-1.76418,-0.81782,-0.43215,0.51422,0.39574,-0.71255,0.26691,-0.32930,-0.78618,0.25414,-0.00216,0.02079,0.07581,-0.01426,0.10506,0.09299,
1403715573262142976,-1.79401,-0.89526,-0.40663,0.50077,0.41707,-0.70093,0.28981,-0.26909,-0.75854,0.24441,-0.00216,0.02079,0.07581,-0.01427,0.10506,0.09299,
1403715573362142976,-1.81936,-0.96987,-0.38332,0.48369,0.43916,-0.69029,0.31094,-0.24113,-0.72882,0.21937,-0.00216,0.02079,0.07581,-0.01427,0.10506,0.09299,
1403715573462142976,-1.84301,-1.04205,-0.36247,0.46292,0.45885,-0.68084,0.33409,-0.23887,-0.70933,0.18956,-0.00216,0.02079,0.07581,-0.01427,0.10506,0.09299,
1403715573562142976,-1.86768,-1.11154,-0.34274,0.44138,0.47681,-0.67120,0.35683,-0.25955,-0.68220,0.20170,-0.00216,0.02079,0.07581,-0.01427,0.10507,0.09299,
1403715573662142976,-1.89537,-1.17880,-0.32222,0.42707,0.50094,-0.65623,0.36883,-0.29742,-0.66573,0.20048,-0.00216,0.02079,0.07581,-0.01428,0.10507,0.09299,
1403715573762142976,-1.92606,-1.24578,-0.30268,0.41457,0.53146,-0.63905,0.37054,-0.31558,-0.67660,0.18544,-0.00216,0.02079,0.07581,-0.01428,0.10507,0.09299,
1403715573862142976,-1.95764,-1.31473,-0.28388,0.40008,0.56340,-0.62052,0.37077,-0.30632,-0.70404,0.18674,-0.00216,0.02079,0.07581,-0.01428,0.10507,0.09298,
1403715573962142976,-1.98689,-1.38758,-0.26512,0.38054,0.59199,-0.60148,0.37811,-0.27803,-0.76135,0.18576,-0.00216,0.02079,0.07581,-0.01428,0.10507,0.09298,
1403715574062142976,-2.01301,-1.46721,-0.24682,0.35644,0.61972,-0.58048,0.38979,-0.24570,-0.84134,0.19808,-0.00216,0.02079,0.07581,-0.01428,0.10507,0.09298,
1403715574162142976,-2.03581,-1.55590,-0.22632,0.33447,0.64383,-0.55451,0.40759,-0.21338,-0.93377,0.22243,-0.00216,0.02079,0.07581,-0.01429,0.10508,0.09298,
1403715574262142976,-2.05609,-1.65292,-0.20371,0.32394,0.66465,-0.51880,0.42913,-0.19500,-1.00273,0.23192,-0.00216,0.02079,0.07581,-0.01429,0.10508,0.09298,
1403715574362142976,-2.07355,-1.75481,-0.18069,0.32672,0.68397,-0.47593,0.44602,-0.15183,-1.03216,0.22524,-0.00216,0.02079,0.07581,-0.01429,0.10508,0.09298,
1403715574462142976,-2.08581,-1.85737,-0.16111,0.33189,0.70105,-0.43942,0.45308,-0.09171,-1.01235,0.16950,-0.00216,0.02079,0.07581,-0.01429,0.10508,0.09298,
1403715574562142976,-2.08965,-1.95671,-0.14558,0.33223,0.71315,-0.41549,0.45652,0.01680,-0.96822,0.13381,-0.00216,0.02079,0.07582,-0.01429,0.10508,0.09298,
1403715574662142976,-2.08226,-2.05095,-0.13394,0.32674,0.72560,-0.39887,0.45568,0.13682,-0.91356,0.11308,-0.00216,0.02079,0.07582,-0.01430,0.10508,0.09298,
1403715574762142976,-2.06121,-2.13953,-0.12409,0.31528,0.73465,-0.38781,0.45880,0.27370,-0.86075,0.08901,-0.00216,0.02079,0.07582,-0.01430,0.10508,0.09298,
1403715574862142976,-2.02679,-2.22386,-0.11443,0.29510,0.73632,-0.38861,0.46875,0.40269,-0.82443,0.10359,-0.00216,0.02079,0.07582,-0.01430,0.10508,0.09298,
1403715574962142976,-1.98213,-2.30534,-0.10127,0.28168,0.73148,-0.39079,0.48257,0.48155,-0.80377,0.14796,-0.00216,0.02079,0.07582,-0.01430,0.10508,0.09298,
1403715575062142976,-1.93193,-2.38517,-0.08409,0.27931,0.72465,-0.38987,0.49484,0.51687,-0.79027,0.18502,-0.00216,0.02079,0.07582,-0.01431,0.10508,0.09297,
1403715575162142976,-1.87832,-2.46215,-0.06410,0.28780,0.71459,-0.38502,0.50822,0.54224,-0.74595,0.23057,-0.00216,0.02079,0.07582,-0.01431,0.10509,0.09297,
1403715575262142976,-1.82319,-2.53295,-0.04189,0.30414,0.70113,-0.37729,0.52304,0.55055,-0.65775,0.21675,-0.00216,0.02079,0.07582,-0.01431,0.10509,0.09297,
1403715575362142976,-1.76793,-2.59280,-0.02434,0.31018,0.70005,-0.38044,0.51863,0.55736,-0.53837,0.14526,-0.00216,0.02079,0.07582,-0.01431,0.10509,0.09297,
1403715575462142976,-1.71192,-2.64128,-0.00900,0.30714,0.70525,-0.39109,0.50531,0.57158,-0.44095,0.17001,-0.00216,0.02079,0.07582,-0.01431,0.10509,0.09297,
1403715575562142976,-1.65353,-2.68177,0.01114,0.31877,0.70815,-0.39165,0.49347,0.60015,-0.36837,0.24134,-0.00216,0.02079,0.07582,-0.01432,0.10509,0.09297,
1403715575662142976,-1.58981,-2.71343,0.03587,0.34096,0.70704,-0.38343,0.48664,0.67482,-0.26379,0.25708,-0.00216,0.02079,0.07582,-0.01432,0.10509,0.09297,
1403715575762142976,-1.51690,-2.73347,0.06095,0.35749,0.70626,-0.37819,0.47997,0.78784,-0.13377,0.23583,-0.00216,0.02079,0.07582,-0.01432,0.10509,0.09297,
1403715575862142976,-1.43251,-2.74024,0.08364,0.35933,0.70644,-0.38269,0.47473,0.90223,0.00309,0.21738,-0.00216,0.02079,0.07582,-0.01432,0.10509,0.09297,
1403715575962142976,-1.33697,-2.73327,0.10415,0.34815,0.70315,-0.39469,0.47811,1.00414,0.12768,0.19371,-0.00216,0.02079,0.07582,-0.01432,0.10509,0.09297,
1403715576062142976,-1.23232,-2.71620,0.12321,0.33143,0.69852,-0.40901,0.48469,1.07728,0.21822,0.19034,-0.00216,0.02079,0.07582,-0.01433,0.10509,0.09297,
1403715576162142976,-1.12284,-2.69071,0.14101,0.32093,0.69396,-0.41748,0.49105,1.11336,0.27936,0.16380,-0.00216,0.02079,0.07582,-0.01433,0.10509,0.09297,
1403715576262142976,-1.01097,-2.66032,0.15769,0.31336,0.69103,-0.42227,0.49595,1.12188,0.32178,0.17686,-0.00216,0.02079,0.07582,-0.01433,0.10509,0.09297,
1403715576362142976,-0.89896,-2.62615,0.17782,0.31655,0.68639,-0.41863,0.50339,1.11602,0.37021,0.21548,-0.00216,0.02079,0.07582,-0.01433,0.10508,0.09297,
1403715576462142976,-0.78806,-2.58543,0.20155,0.32367,0.67675,-0.41111,0.51792,1.09799,0.44415,0.24735,-0.00216,0.02079,0.07582,-0.01433,0.10508,0.09296,
1403715576562142976,-0.68000,-2.53538,0.22688,0.33283,0.66755,-0.40494,0.52880,1.05330,0.55749,0.26087,-0.00216,0.02079,0.07582,-0.01433,0.10508,0.09296,
1403715576662142976,-0.57677,-2.47218,0.25247,0.34247,0.66111,-0.40227,0.53275,1.00506,0.70286,0.23937,-0.00216,0.02079,0.07582,-0.01434,0.10508,0.09296,
1403715576762142976,-0.47860,-2.39460,0.27696,0.34716,0.66026,-0.40819,0.52623,0.96053,0.84928,0.24300,-0.00216,0.02079,0.07582,-0.01434,0.10508,0.09296,
1403715576862142976,-0.38440,-2.30303,0.30012,0.34476,0.66522,-0.42239,0.51010,0.92815,0.98019,0.23482,-0.00216,0.02079,0.07582,-0.01434,0.10508,0.09296,
1403715576962142976,-0.29191,-2.20067,0.32370,0.34085,0.67019,-0.43701,0.49364,0.92388,1.06231,0.23992,-0.00216,0.02079,0.07582,-0.01434,0.10508,0.09296,
1403715577062142976,-0.19989,-2.09128,0.34765,0.33434,0.66574,-0.45388,0.48887,0.91565,1.11634,0.23081,-0.00216,0.02079,0.07582,-0.01434,0.10508,0.09296,
1403715577162142976,-0.10955,-1.97832,0.36879,0.32763,0.65652,-0.47319,0.48758,0.89041,1.13768,0.18325,-0.00216,0.02079,0.07582,-0.01435,0.10508,0.09296,
1403715577262142976,-0.02232,-1.86428,0.37918,0.32582,0.64741,-0.48727,0.48711,0.85424,1.13594,-0.00167,-0.00216,0.02079,0.07582,-0.01435,0.10508,0.09296,
1403715577362142976,0.06156,-1.75075,0.36708,0.33179,0.64373,-0.49219,0.48299,0.81993,1.13503,-0.21951,-0.00216,0.02079,0.07582,-0.01435,0.10508,0.09296,
1403715577462142976,0.14166,-1.63607,0.34069,0.33883,0.64308,-0.49318,0.47792,0.78442,1.15810,-0.28757,-0.00216,0.02079,0.07582,-0.01435,0.10508,0.09296,
1403715577562142976,0.21838,-1.51999,0.31331,0.34295,0.64272,-0.49379,0.47483,0.75299,1.16679,-0.23723,-0.00216,0.02079,0.07582,-0.01436,0.10508,0.09296,
1403715577662142976,0.29175,-1.40288,0.29674,0.34358,0.64213,-0.49546,0.47343,0.71636,1.17746,-0.08863,-0.00216,0.02079,0.07582,-0.01436,0.10508,0.09296,
1403715577762142976,0.36161,-1.28515,0.29369,0.33800,0.64029,-0.50003,0.47514,0.67978,1.17557,0.02121,-0.00216,0.02079,0.07582,-0.01436,0.10508,0.09296,
1403715577862142976,0.42612,-1.16837,0.29238,0.33181,0.63340,-0.50892,0.47928,0.60853,1.16544,-0.06522,-0.00216,0.02079,0.07582,-0.01436,0.10508,0.09296,
1403715577962142976,0.48316,-1.05252,0.27796,0.32804,0.62420,-0.52240,0.47944,0.52938,1.16176,-0.23185,-0.00216,0.02079,0.07582,-0.01436,0.10508,0.09296,
1403715578062142976,0.53125,-0.93771,0.24731,0.32218,0.61291,-0.54288,0.47521,0.43619,1.13708,-0.38014,-0.00216,0.02079,0.07582,-0.01436,0.10508,0.09296,
1403715578162142976,0.56934,-0.82545,0.20263,0.30483,0.59889,-0.57510,0.46655,0.31334,1.09755,-0.50294,-0.00216,0.02079,0.07582,-0.01437,0.10508,0.09295,
1403715578262142976,0.59193,-0.72170,0.15356,0.30712,0.58205,-0.60049,0.45421,0.13195,0.96910,-0.46669,-0.00216,0.02079,0.07582,-0.01437,0.10508,0.09295,
1403715578362142976,0.59593,-0.62821,0.10682,0.32764,0.56541,-0.61738,0.43796,-0.04672,0.90706,-0.46853,-0.00216,0.02079,0.07582,-0.01437,0.10508,0.09295,
1403715578462142976,0.58467,-0.54187,0.06023,0.35154,0.55166,-0.63241,0.41491,-0.17132,0.82221,-0.46604,-0.00216,0.02079,0.07582,-0.01437,0.10508,0.09295,
1403715578562142976,0.56282,-0.46372,0.01174,0.36898,0.54772,-0.64879,0.37805,-0.25639,0.74579,-0.50951,-0.00216,0.02079,0.07582,-0.01438,0.10508,0.09295,
1403715578662142976,0.53537,-0.39559,-0.03981,0.36954,0.55286,-0.66785,0.33431,-0.28995,0.60244,-0.50536,-0.00216,0.02079,0.07582,-0.01438,0.10508,0.09295,
1403715578762142976,0.50554,-0.34545,-0.08936,0.36432,0.55517,-0.68406,0.30185,-0.30836,0.38475,-0.47748,-0.00216,0.02079,0.07582,-0.01438,0.10508,0.09296,
1403715578862142976,0.47409,-0.31981,-0.13520,0.36318,0.55151,-0.69375,0.28747,-0.31999,0.12118,-0.43279,-0.00216,0.02079,0.07582,-0.01438,0.10508,0.09296,
1403715578962142976,0.44150,-0.32190,-0.17460,0.38078,0.54891,-0.68803,0.28341,-0.32753,-0.16364,-0.34617,-0.00216,0.02079,0.07582,-0.01438,0.10508,0.09296,
1403715579062142976,0.41071,-0.35002,-0.20471,0.41308,0.54992,-0.66914,0.28143,-0.28331,-0.38733,-0.24282,-0.00216,0.02079,0.07582,-0.01438,0.10508,0.09296,
1403715579162142976,0.38861,-0.39823,-0.22104,0.45091,0.55473,-0.64275,0.27537,-0.14228,-0.57018,-0.09639,-0.00216,0.02079,0.07582,-0.01439,0.10508,0.09296,
1403715579262142976,0.38363,-0.46149,-0.22633,0.48429,0.55621,-0.61719,0.27418,0.06518,-0.67946,-0.02987,-0.00216,0.02079,0.07582,-0.01439,0.10507,0.09296,
1403715579362142976,0.40089,-0.53258,-0.23076,0.49621,0.55391,-0.60873,0.27640,0.27816,-0.73950,-0.06348,-0.00216,0.02079,0.07582,-0.01439,0.10507,0.09296,
1403715579462142976,0.43989,-0.60877,-0.23797,0.49287,0.55059,-0.61284,0.27991,0.49933,-0.78560,-0.08364,-0.00216,0.02080,0.07582,-0.01439,0.10507,0.09296,
1403715579562142976,0.49978,-0.68942,-0.24755,0.47603,0.54476,-0.62723,0.28847,0.68957,-0.83555,-0.07305,-0.00216,0.02080,0.07582,-0.01440,0.10507,0.09296,
1403715579662142976,0.57539,-0.77668,-0.25329,0.46985,0.54047,-0.63108,0.29810,0.82177,-0.90887,-0.03346,-0.00216,0.02080,0.07582,-0.01440,0.10507,0.09296,
1403715579762142976,0.66366,-0.86932,-0.25361,0.46834,0.53448,-0.63053,0.31212,0.93453,-0.94314,0.03407,-0.00216,0.02080,0.07582,-0.01440,0.10507,0.09296,
1403715579862142976,0.76257,-0.96465,-0.24381,0.47338,0.53425,-0.62508,0.31583,1.04371,-0.95880,0.14976,-0.00216,0.02080,0.07582,-0.01440,0.10507,0.09296,
1403715579962142976,0.87226,-1.06057,-0.22499,0.47482,0.52800,-0.62729,0.31979,1.13981,-0.95419,0.19131,-0.00216,0.02080,0.07582,-0.01440,0.10507,0.09296,
1403715580062142976,0.98951,-1.15643,-0.20896,0.47592,0.51226,-0.63751,0.32354,1.19665,-0.94622,0.10612,-0.00216,0.02080,0.07582,-0.01441,0.10507,0.09296,
1403715580162142976,1.11151,-1.24982,-0.20546,0.47982,0.49175,-0.65147,0.32177,1.23684,-0.92039,-0.03481,-0.00216,0.02080,0.07582,-0.01441,0.10507,0.09296,
1403715580262142976,1.23699,-1.34087,-0.21358,0.48565,0.46882,-0.66726,0.31483,1.27291,-0.89546,-0.10912,-0.00216,0.02080,0.07582,-0.01441,0.10507,0.09296,
1403715580362142976,1.36520,-1.42862,-0.22477,0.49026,0.44006,-0.68522,0.31059,1.28327,-0.85781,-0.10999,-0.00216,0.02080,0.07582,-0.01441,0.10507,0.09296,
1403715580462142976,1.49352,-1.51183,-0.23453,0.49331,0.40910,-0.70403,0.30599,1.27568,-0.80868,-0.07790,-0.00216,0.02080,0.07582,-0.01441,0.10507,0.09296,
1403715580562142976,1.62047,-1.58993,-0.24247,0.49267,0.38209,-0.72117,0.30198,1.25167,-0.76070,-0.07228,-0.00216,0.02080,0.07582,-0.01442,0.10506,0.09296,
1403715580662142976,1.74281,-1.66272,-0.25063,0.48408,0.35933,-0.73813,0.30284,1.18667,-0.69381,-0.08431,-0.00216,0.02080,0.07582,-0.01442,0.10506,0.09296,
1403715580762142976,1.85552,-1.72950,-0.25853,0.47276,0.34037,-0.75312,0.30570,1.06489,-0.63610,-0.06885,-0.00216,0.02080,0.07582,-0.01442,0.10506,0.09296,
1403715580862142976,1.95402,-1.78965,-0.26430,0.45974,0.32159,-0.76599,0.31383,0.90247,-0.55932,-0.05442,-0.00216,0.02080,0.07582,-0.01442,0.10506,0.09296,
1403715580962142976,2.03401,-1.84158,-0.26810,0.44100,0.30406,-0.77923,0.32537,0.67993,-0.46828,-0.01904,-0.00216,0.02080,0.07582,-0.01442,0.10506,0.09296,
1403715581062142976,2.08870,-1.88340,-0.26813,0.43107,0.30443,-0.78724,0.31898,0.41510,-0.37030,0.01079,-0.00216,0.02080,0.07582,-0.01443,0.10506,0.09296,
1403715581162142976,2.11630,-1.91794,-0.26432,0.42919,0.31272,-0.79097,0.30393,0.13456,-0.32152,0.07252,-0.00216,0.02080,0.07582,-0.01443,0.10506,0.09296,
1403715581262142976,2.11850,-1.94874,-0.25626,0.44180,0.32170,-0.78550,0.29036,-0.07888,-0.30503,0.08541,-0.00216,0.02080,0.07582,-0.01443,0.10506,0.09296,
1403715581362142976,2.10194,-1.97877,-0.24764,0.45136,0.32766,-0.77697,0.29195,-0.24917,-0.29339,0.09252,-0.00216,0.02080,0.07582,-0.01443,0.10506,0.09296,
1403715581462142976,2.07033,-2.00595,-0.24025,0.45827,0.34464,-0.76506,0.29308,-0.38359,-0.26052,0.07474,-0.00216,0.02080,0.07582,-0.01443,0.10506,0.09296,
1403715581562142976,2.02676,-2.03195,-0.23669,0.47167,0.37601,-0.74420,0.28690,-0.46925,-0.26890,-0.02135,-0.00216,0.02080,0.07582,-0.01444,0.10506,0.09296,
1403715581662142976,1.97800,-2.05993,-0.24525,0.48025,0.41080,-0.72112,0.28388,-0.49178,-0.28968,-0.15188,-0.00216,0.02080,0.07582,-0.01444,0.10506,0.09296,
1403715581762142976,1.92950,-2.09000,-0.26310,0.48289,0.44810,-0.69698,0.28327,-0.47089,-0.31569,-0.18029,-0.00216,0.02080,0.07582,-0.01444,0.10506,0.09296,
1403715581862142976,1.88577,-2.12428,-0.27687,0.48190,0.48488,-0.67127,0.28646,-0.39200,-0.36588,-0.08355,-0.00216,0.02080,0.07582,-0.01444,0.10506,0.09296,
1403715581962142976,1.85167,-2.16310,-0.28030,0.46935,0.50866,-0.65367,0.30609,-0.29184,-0.41330,0.02164,-0.00216,0.02080,0.07582,-0.01445,0.10506,0.09296,
1403715582062142976,1.82682,-2.20569,-0.26979,0.46253,0.51995,-0.63346,0.33830,-0.21352,-0.43062,0.15164,-0.00216,0.02080,0.07582,-0.01445,0.10506,0.09296,
1403715582162142976,1.80847,-2.24686,-0.25393,0.46234,0.52763,-0.61121,0.36643,-0.15746,-0.38504,0.14313,-0.00216,0.02080,0.07582,-0.01445,0.10506,0.09296,
1403715582262142976,1.79482,-2.28212,-0.24642,0.45902,0.53483,-0.59725,0.38282,-0.11715,-0.31761,-0.01211,-0.00216,0.02080,0.07582,-0.01445,0.10506,0.09296,
1403715582362142976,1.78463,-2.31105,-0.25464,0.44719,0.54717,-0.59643,0.38065,-0.08769,-0.26168,-0.11354,-0.00216,0.02080,0.07582,-0.01445,0.10506,0.09296,
1403715582462142976,1.77817,-2.33582,-0.26673,0.43509,0.55823,-0.60050,0.37211,-0.04239,-0.23608,-0.11268,-0.00216,0.02080,0.07582,-0.01446,0.10506,0.09296,
1403715582562142976,1.77624,-2.35961,-0.27359,0.42413,0.56570,-0.60713,0.36262,0.00257,-0.24998,-0.00849,-0.00216,0.02080,0.07582,-0.01446,0.10506,0.09296,
1403715582662142976,1.77907,-2.38686,-0.26801,0.41766,0.56864,-0.61343,0.35483,0.05227,-0.29470,0.10999,-0.00216,0.02080,0.07582,-0.01446,0.10506,0.09296,
1403715582762142976,1.78587,-2.41967,-0.25580,0.41408,0.56784,-0.62029,0.34832,0.08419,-0.35603,0.09782,-0.00216,0.02080,0.07582,-0.01446,0.10506,0.09296,
1403715582862142976,1.79568,-2.45737,-0.25262,0.40884,0.56703,-0.62936,0.33945,0.11430,-0.40500,-0.02996,-0.00216,0.02080,0.07582,-0.01446,0.10506,0.09296,
1403715582962142976,1.80857,-2.50199,-0.26259,0.40218,0.56768,-0.63908,0.32798,0.14206,-0.49264,-0.16886,-0.00216,0.02080,0.07582,-0.01447,0.10506,0.09296,
1403715583062142976,1.82439,-2.55705,-0.28483,0.39769,0.56679,-0.64683,0.31969,0.17070,-0.61276,-0.26831,-0.00216,0.02080,0.07582,-0.01447,0.10506,0.09296,
1403715583162142976,1.84268,-2.62605,-0.31069,0.40680,0.55785,-0.64569,0.32619,0.18873,-0.76451,-0.23816,-0.00216,0.02080,0.07582,-0.01447,0.10506,0.09296,
1403715583262142976,1.86286,-2.70587,-0.33371,0.42618,0.54026,-0.63672,0.34797,0.21032,-0.82520,-0.21863,-0.00216,0.02080,0.07582,-0.01447,0.10506,0.09296,
1403715583362142976,1.88404,-2.78828,-0.35676,0.44411,0.52066,-0.62610,0.37374,0.21487,-0.81289,-0.23555,-0.00216,0.02080,0.07582,-0.01447,0.10506,0.09296,
1403715583462142976,1.90587,-2.86678,-0.38200,0.45857,0.50351,-0.61527,0.39703,0.22101,-0.74666,-0.25548,-0.00216,0.02080,0.07582,-0.01448,0.10506,0.09296,
1403715583562142976,1.92742,-2.93498,-0.40724,0.47325,0.49054,-0.60219,0.41565,0.20992,-0.60357,-0.23870,-0.00216,0.02080,0.07582,-0.01448,0.10506,0.09296,
1403715583662142976,1.94789,-2.98453,-0.42952,0.49809,0.47347,-0.57915,0.43854,0.20002,-0.37895,-0.22110,-0.00216,0.02080,0.07582,-0.01448,0.10506,0.09296,
1403715583762142976,1.96830,-3.00779,-0.45166,0.52273,0.45823,-0.55418,0.45790,0.21172,-0.06926,-0.21718,-0.00216,0.02080,0.07582,-0.01448,0.10506,0.09296,
1403715583862142976,1.99126,-2.99537,-0.46954,0.53775,0.44779,-0.53652,0.47165,0.25305,0.33404,-0.11280,-0.00216,0.02080,0.07582,-0.01448,0.10506,0.09296,
1403715583962142976,2.01773,-2.93853,-0.47179,0.53384,0.44486,-0.53690,0.47838,0.27925,0.79454,0.06451,-0.00216,0.02080,0.07582,-0.01448,0.10506,0.09296,
1403715584062142976,2.04462,-2.83591,-0.45546,0.51457,0.44795,-0.55149,0.48002,0.26036,1.23638,0.25368,-0.00216,0.02080,0.07582,-0.01449,0.10506,0.09296,
1403715584162142976,2.06865,-2.69379,-0.42333,0.48388,0.45965,-0.57726,0.47049,0.21325,1.59546,0.41217,-0.00216,0.02080,0.07582,-0.01449,0.10506,0.09296,
1403715584262142976,2.08540,-2.52130,-0.37771,0.44548,0.47915,-0.60830,0.44938,0.11868,1.82797,0.48475,-0.00216,0.02080,0.07582,-0.01449,0.10506,0.09296,
1403715584362142976,2.09264,-2.33417,-0.33522,0.41096,0.49933,-0.63327,0.42516,0.02760,1.89327,0.34646,-0.00216,0.02080,0.07582,-0.01449,0.10506,0.09296,
1403715584462142976,2.09044,-2.14384,-0.31086,0.39121,0.51541,-0.64687,0.40356,-0.06936,1.90551,0.15001,-0.00216,0.02080,0.07582,-0.01450,0.10506,0.09296,
1403715584562142976,2.07823,-1.95613,-0.29947,0.38158,0.52499,-0.65292,0.39047,-0.17218,1.83553,0.10981,-0.00216,0.02080,0.07582,-0.01450,0.10506,0.09296,
1403715584662142976,2.05601,-1.77710,-0.28792,0.38097,0.53449,-0.65339,0.37718,-0.26972,1.74010,0.12164,-0.00216,0.02080,0.07582,-0.01450,0.10506,0.09296,
1403715584762142976,2.02486,-1.60950,-0.27404,0.38728,0.54910,-0.64901,0.35678,-0.33408,1.60419,0.15502,-0.00216,0.02080,0.07582,-0.01450,0.10507,0.09296,
1403715584862142976,1.99050,-1.45613,-0.25685,0.39318,0.55683,-0.64630,0.34299,-0.34469,1.46797,0.18337,-0.00216,0.02080,0.07582,-0.01450,0.10507,0.09296,
1403715584962142976,1.95630,-1.31667,-0.23905,0.39567,0.56740,-0.64512,0.32453,-0.33140,1.31817,0.17823,-0.00216,0.02080,0.07582,-0.01450,0.10507,0.09296,
1403715585062142976,1.92557,-1.19267,-0.22396,0.38725,0.57581,-0.65128,0.30710,-0.28509,1.14633,0.14291,-0.00216,0.02080,0.07582,-0.01451,0.10507,0.09296,
1403715585162142976,1.89974,-1.08885,-0.20914,0.37510,0.57910,-0.66048,0.29616,-0.23193,0.92234,0.15588,-0.00216,0.02080,0.07582,-0.01451,0.10507,0.09296,
1403715585262142976,1.87776,-1.00972,-0.19143,0.37268,0.57844,-0.66259,0.29579,-0.20672,0.65484,0.20403,-0.00216,0.02080,0.07582,-0.01451,0.10507,0.09296,
1403715585362142976,1.85879,-0.95630,-0.16947,0.38428,0.57443,-0.65479,0.30593,-0.17330,0.42379,0.22679,-0.00216,0.02080,0.07582,-0.01451,0.10507,0.09296,
1403715585462142976,1.84347,-0.92273,-0.14750,0.39642,0.57129,-0.64556,0.31581,-0.12999,0.25736,0.21383,-0.00216,0.02080,0.07582,-0.01452,0.10507,0.09296,
1403715585562142976,1.83331,-0.90455,-0.12621,0.41050,0.56861,-0.63420,0.32551,-0.07312,0.12196,0.19525,-0.00216,0.02080,0.07582,-0.01452,0.10508,0.09296,
1403715585662142976,1.82898,-0.89773,-0.10945,0.41929,0.56710,-0.62626,0.33224,-0.01526,0.02600,0.13547,-0.00216,0.02080,0.07582,-0.01452,0.10508,0.09296,
1403715585762142976,1.83051,-0.89918,-0.10122,0.42016,0.56755,-0.62442,0.33383,0.04618,-0.05411,0.00718,-0.00216,0.02080,0.07582,-0.01452,0.10508,0.09296,
1403715585862142976,1.83736,-0.90737,-0.11311,0.41408,0.56411,-0.62829,0.33996,0.08958,-0.10498,-0.24705,-0.00216,0.02080,0.07582,-0.01452,0.10508,0.09296,
1403715585962142976,1.84722,-0.92150,-0.14358,0.40012,0.55381,-0.63875,0.35382,0.10221,-0.18188,-0.33115,-0.00216,0.02080,0.07582,-0.01453,0.10508,0.09296,
1403715586062142976,1.85572,-0.94386,-0.17327,0.38608,0.53701,-0.64979,0.37462,0.04748,-0.26907,-0.22068,-0.00216,0.02080,0.07582,-0.01453,0.10508,0.09295,
1403715586162142976,1.85569,-0.97356,-0.18706,0.39698,0.52081,-0.64398,0.39555,-0.05233,-0.30747,-0.05994,-0.00216,0.02080,0.07582,-0.01453,0.10508,0.09295,
1403715586262142976,1.84631,-1.00238,-0.18800,0.41984,0.51855,-0.62920,0.39868,-0.12772,-0.26528,0.02122,-0.00216,0.02080,0.07582,-0.01453,0.10508,0.09295,
1403715586362142976,1.83219,-1.02692,-0.18533,0.44491,0.52533,-0.61185,0.38951,-0.14180,-0.22349,0.03012,-0.00216,0.02080,0.07582,-0.01453,0.10508,0.09295,
1403715586462142976,1.81973,-1.04619,-0.18375,0.46511,0.52917,-0.59675,0.38411,-0.09728,-0.16235,0.01018,-0.00216,0.02080,0.07582,-0.01454,0.10508,0.09295,
1403715586562142976,1.81307,-1.05790,-0.18258,0.47462,0.52935,-0.58906,0.38409,-0.02910,-0.06557,0.01357,-0.00216,0.02080,0.07582,-0.01454,0.10509,0.09295,
1403715586662142976,1.81391,-1.05993,-0.18153,0.47528,0.52914,-0.58880,0.38398,0.04589,0.03001,0.00277,-0.00216,0.02080,0.07582,-0.01454,0.10509,0.09295,
1403715586762142976,1.82181,-1.05214,-0.18201,0.46332,0.52889,-0.59876,0.38354,0.11009,0.12520,-0.01820,-0.00216,0.02080,0.07582,-0.01454,0.10509,0.09295,
1403715586862142976,1.83472,-1.03626,-0.18320,0.44145,0.53065,-0.61624,0.37918,0.13865,0.18386,-0.00258,-0.00216,0.02080,0.07582,-0.01454,0.10509,0.09295,
1403715586962142976,1.84892,-1.01756,-0.18143,0.42586,0.53333,-0.62912,0.37204,0.14119,0.18881,0.03212,-0.00216,0.02080,0.07582,-0.01454,0.10509,0.09295,
1403715587062142976,1.86263,-0.99921,-0.17729,0.42037,0.53300,-0.63473,0.36920,0.12886,0.17063,0.05429,-0.00216,0.02080,0.07582,-0.01455,0.10509,0.09295,
1403715587162142976,1.87481,-0.98326,-0.16909,0.42691,0.53149,-0.63108,0.37013,0.11917,0.15173,0.11250,-0.00216,0.02080,0.07582,-0.01455,0.10509,0.09295,
1403715587262142976,1.88672,-0.96875,-0.15496,0.43953,0.53047,-0.62089,0.37403,0.12755,0.14389,0.16119,-0.00216,0.02080,0.07582,-0.01455,0.10509,0.09295,
1403715587362142976,1.90133,-0.95332,-0.13915,0.44198,0.52898,-0.61592,0.38141,0.15998,0.16912,0.15309,-0.00216,0.02080,0.07582,-0.01455,0.10509,0.09295,
1403715587462142976,1.91755,-0.93468,-0.12426,0.43487,0.52323,-0.61806,0.39385,0.15533,0.20428,0.14380,-0.00216,0.02080,0.07582,-0.01455,0.10509,0.09295,
1403715587562142976,1.93142,-0.91162,-0.10966,0.42453,0.51426,-0.62758,0.40180,0.10714,0.25515,0.15140,-0.00216,0.02080,0.07582,-0.01455,0.10510,0.09295,
1403715587662142976,1.93827,-0.88355,-0.09429,0.41566,0.50050,-0.64302,0.40405,0.02301,0.30332,0.14820,-0.00216,0.02080,0.07582,-0.01455,0.10510,0.09295,
1403715587762142976,1.93471,-0.85063,-0.07953,0.41314,0.48605,-0.66079,0.39551,-0.09925,0.34661,0.14643,-0.00216,0.02080,0.07582,-0.01455,0.10510,0.09295,
1403715587862142976,1.91901,-0.81483,-0.06404,0.42197,0.46540,-0.67775,0.38209,-0.22012,0.37108,0.16100,-0.00216,0.02080,0.07582,-0.01455,0.10510,0.09294,
1403715587962142976,1.89118,-0.77599,-0.04704,0.44428,0.44250,-0.69027,0.36102,-0.32852,0.40759,0.17314,-0.00216,0.02080,0.07582,-0.01456,0.10510,0.09294,
1403715588062142976,1.85486,-0.73308,-0.03052,0.47346,0.41660,-0.69825,0.33872,-0.38834,0.45323,0.13911,-0.00216,0.02080,0.07582,-0.01456,0.10510,0.09294,
1403715588162142976,1.81478,-0.68428,-0.02348,0.50146,0.38867,-0.70524,0.31639,-0.40577,0.51846,-0.02358,-0.00216,0.02080,0.07582,-0.01456,0.10510,0.09294,
1403715588262142976,1.77500,-0.62970,-0.03788,0.52438,0.35803,-0.71361,0.29597,-0.38524,0.58141,-0.27162,-0.00216,0.02080,0.07582,-0.01456,0.10510,0.09294,
1403715588362142976,1.73840,-0.56819,-0.07241,0.53906,0.32648,-0.72537,0.27688,-0.34529,0.66175,-0.38285,-0.00216,0.02080,0.07582,-0.01456,0.10511,0.09294,
1403715588462142976,1.70598,-0.49740,-0.11079,0.55113,0.29826,-0.73612,0.25579,-0.30252,0.75155,-0.37605,-0.00216,0.02080,0.07582,-0.01456,0.10511,0.09294,
1403715588562142976,1.67791,-0.41763,-0.14787,0.55822,0.27145,-0.74789,0.23529,-0.26252,0.83799,-0.35882,-0.00216,0.02080,0.07582,-0.01457,0.10511,0.09294,
1403715588662142976,1.65402,-0.32983,-0.18440,0.55790,0.24663,-0.76295,0.21408,-0.21786,0.91389,-0.37363,-0.00216,0.02080,0.07582,-0.01457,0.10511,0.09294,
1403715588762142976,1.63378,-0.23557,-0.22120,0.55126,0.22560,-0.78072,0.18893,-0.19077,0.96483,-0.37226,-0.00216,0.02080,0.07582,-0.01457,0.10511,0.09295,
1403715588862142976,1.61499,-0.13732,-0.25917,0.53826,0.20809,-0.80132,0.15767,-0.19402,0.98586,-0.38918,-0.00216,0.02080,0.07582,-0.01457,0.10511,0.09295,
1403715588962142976,1.59407,-0.03978,-0.29850,0.52015,0.19155,-0.82287,0.12505,-0.23520,0.95606,-0.39755,-0.00216,0.02080,0.07582,-0.01457,0.10511,0.09295,
1403715589062142976,1.56659,0.05201,-0.33465,0.50469,0.17214,-0.84034,0.09739,-0.32615,0.87277,-0.31161,-0.00216,0.02080,0.07582,-0.01457,0.10512,0.09295,
1403715589162142976,1.52718,0.13418,-0.35900,0.49810,0.15145,-0.85029,0.07722,-0.47485,0.76076,-0.16800,-0.00216,0.02080,0.07582,-0.01457,0.10512,0.09295,
1403715589262142976,1.47278,0.20503,-0.36848,0.49633,0.13222,-0.85582,0.06121,-0.61477,0.65092,-0.02743,-0.00216,0.02080,0.07582,-0.01458,0.10512,0.09295,
1403715589362142976,1.40331,0.26564,-0.36571,0.48919,0.11327,-0.86355,0.04617,-0.77042,0.55811,0.10055,-0.00216,0.02080,0.07582,-0.01458,0.10512,0.09295,
1403715589462142976,1.31787,0.31664,-0.35414,0.48138,0.09212,-0.87098,0.03427,-0.94092,0.46421,0.12468,-0.00216,0.02080,0.07582,-0.01458,0.10512,0.09295,
1403715589562142976,1.21438,0.35869,-0.34085,0.47482,0.07602,-0.87654,0.02119,-1.13129,0.37707,0.15920,-0.00216,0.02080,0.07582,-0.01458,0.10512,0.09295,
1403715589662142976,1.08974,0.39105,-0.31772,0.47232,0.06508,-0.87892,0.01308,-1.36872,0.27230,0.31329,-0.00216,0.02080,0.07582,-0.01458,0.10513,0.09295,
1403715589762142976,0.94041,0.41275,-0.27655,0.48783,0.06019,-0.87082,0.00857,-1.61510,0.16488,0.52340,-0.00216,0.02080,0.07582,-0.01459,0.10513,0.09295,
1403715589862142976,0.77083,0.42490,-0.21629,0.52750,0.05928,-0.84744,0.00828,-1.74946,0.08399,0.63788,-0.00216,0.02080,0.07582,-0.01459,0.10513,0.09295,
1403715589962142976,0.59433,0.42960,-0.15506,0.55739,0.05650,-0.82821,0.01397,-1.76189,0.01870,0.57600,-0.00216,0.02080,0.07582,-0.01459,0.10513,0.09295,
1403715590062142976,0.41886,0.42928,-0.10052,0.57309,0.05628,-0.81734,0.01860,-1.73927,-0.02034,0.51406,-0.00216,0.02080,0.07582,-0.01459,0.10513,0.09295,
1403715590162142976,0.24782,0.42538,-0.05145,0.57637,0.06024,-0.81477,0.01785,-1.68433,-0.05963,0.47231,-0.00216,0.02080,0.07582,-0.01459,0.10513,0.09295,
1403715590262142976,0.08221,0.41728,-0.00725,0.57063,0.06961,-0.81807,0.01705,-1.62802,-0.10946,0.43653,-0.00216,0.02080,0.07582,-0.01459,0.10513,0.09295,
1403715590362142976,-0.07871,0.40259,0.03623,0.56673,0.08997,-0.81885,0.01418,-1.59136,-0.19177,0.42775,-0.00216,0.02080,0.07582,-0.01459,0.10513,0.09295,
1403715590462142976,-0.23680,0.37705,0.07845,0.56481,0.11879,-0.81650,0.01427,-1.56442,-0.31308,0.40353,-0.00216,0.02080,0.07582,-0.01460,0.10514,0.09296,
1403715590562142976,-0.39108,0.33844,0.11826,0.56236,0.15196,-0.81256,0.02032,-1.51966,-0.45160,0.37588,-0.00216,0.02080,0.07582,-0.01460,0.10514,0.09296,
1403715590662142976,-0.54035,0.28583,0.15498,0.55381,0.18212,-0.81160,0.03799,-1.45957,-0.59428,0.34321,-0.00216,0.02080,0.07582,-0.01460,0.10514,0.09296,
1403715590762142976,-0.68445,0.21904,0.18922,0.54265,0.20299,-0.81174,0.07351,-1.42299,-0.73060,0.34289,-0.00216,0.02080,0.07582,-0.01460,0.10514,0.09296,
1403715590862142976,-0.82566,0.14108,0.22554,0.54035,0.22538,-0.80311,0.11063,-1.39237,-0.82113,0.37066,-0.00216,0.02080,0.07582,-0.01460,0.10514,0.09296,
1403715590962142976,-0.96316,0.05592,0.26155,0.53904,0.25458,-0.79017,0.14232,-1.34880,-0.87790,0.35727,-0.00216,0.02080,0.07582,-0.01460,0.10514,0.09296,
1403715591062142976,-1.09555,-0.03439,0.29523,0.53028,0.28934,-0.77904,0.16786,-1.29630,-0.92807,0.33253,-0.00216,0.02080,0.07582,-0.01460,0.10514,0.09296,
1403715591162142976,-1.22361,-0.12935,0.32669,0.51994,0.32948,-0.76514,0.18887,-1.25735,-0.96926,0.30541,-0.00216,0.02080,0.07582,-0.01461,0.10514,0.09296,
1403715591262142976,-1.34585,-0.22901,0.35608,0.51016,0.37405,-0.74705,0.20431,-1.18855,-1.02487,0.28201,-0.00216,0.02080,0.07582,-0.01461,0.10514,0.09296,
1403715591362142976,-1.46080,-0.33571,0.38341,0.50097,0.41631,-0.72592,0.22082,-1.10401,-1.11278,0.27712,-0.00216,0.02080,0.07582,-0.01461,0.10514,0.09296,
1403715591462142976,-1.56650,-0.45082,0.40922,0.49034,0.45375,-0.70406,0.24079,-1.00225,-1.19009,0.24969,-0.00216,0.02080,0.07582,-0.01461,0.10514,0.09296,
1403715591562142976,-1.66141,-0.57313,0.42857,0.47449,0.48645,-0.68480,0.26321,-0.89366,-1.25537,0.12783,-0.00216,0.02080,0.07582,-0.01461,0.10514,0.09296,
1403715591662142976,-1.74644,-0.70240,0.43542,0.45674,0.51367,-0.66624,0.28924,-0.80792,-1.32596,0.01933,-0.00216,0.02080,0.07582,-0.01461,0.10515,0.09296,
1403715591762142976,-1.82346,-0.83774,0.43132,0.44758,0.53983,-0.64213,0.30973,-0.72695,-1.37233,-0.10685,-0.00216,0.02080,0.07582,-0.01461,0.10515,0.09296,
1403715591862142976,-1.89126,-0.97704,0.41410,0.43749,0.56416,-0.61924,0.32690,-0.62600,-1.40843,-0.23434,-0.00216,0.02080,0.07582,-0.01462,0.10515,0.09296,
1403715591962142976,-1.94788,-1.11947,0.38385,0.42906,0.58917,-0.59407,0.34040,-0.51217,-1.43832,-0.36116,-0.00216,0.02080,0.07582,-0.01462,0.10515,0.09296,
1403715592062142976,-1.99221,-1.26451,0.34195,0.42287,0.61637,-0.56534,0.34881,-0.36988,-1.45936,-0.46646,-0.00216,0.02080,0.07582,-0.01462,0.10515,0.09296,
1403715592162142976,-2.01997,-1.41125,0.29657,0.41648,0.64013,-0.53382,0.36307,-0.17684,-1.48121,-0.39706,-0.00216,0.02080,0.07582,-0.01462,0.10515,0.09296,
1403715592262142976,-2.02683,-1.55830,0.26338,0.41087,0.65931,-0.49824,0.38505,0.03968,-1.44958,-0.25886,-0.00216,0.02080,0.07582,-0.01462,0.10515,0.09296,
1403715592362142976,-2.01189,-1.70036,0.24377,0.40109,0.67924,-0.46344,0.40371,0.26770,-1.38671,-0.13837,-0.00216,0.02080,0.07582,-0.01462,0.10515,0.09296,
1403715592462142976,-1.97438,-1.83487,0.23571,0.38763,0.70039,-0.42984,0.41766,0.48366,-1.29629,-0.04049,-0.00216,0.02080,0.07582,-0.01462,0.10515,0.09296,
1403715592562142976,-1.91630,-1.95868,0.23287,0.37517,0.71933,-0.39451,0.43149,0.67628,-1.17832,-0.01989,-0.00216,0.02080,0.07582,-0.01462,0.10515,0.09296,
1403715592662142976,-1.83831,-2.07078,0.22957,0.36282,0.73676,-0.35808,0.44421,0.88588,-1.05613,-0.04565,-0.00216,0.02080,0.07582,-0.01462,0.10515,0.09296,
1403715592762142976,-1.73919,-2.16800,0.22693,0.34459,0.75311,-0.32350,0.45764,1.09330,-0.88871,-0.02219,-0.00216,0.02080,0.07582,-0.01463,0.10515,0.09296,
1403715592862142976,-1.62065,-2.24902,0.22472,0.30519,0.76456,-0.30515,0.47874,1.26481,-0.73578,-0.02088,-0.00216,0.02080,0.07582,-0.01463,0.10515,0.09296,
1403715592962142976,-1.48763,-2.31635,0.22271,0.25398,0.77241,-0.29448,0.50216,1.38135,-0.62508,-0.01929,-0.00216,0.02080,0.07582,-0.01463,0.10515,0.09296,
1403715593062142976,-1.34623,-2.37515,0.22081,0.20613,0.77744,-0.27803,0.52516,1.43160,-0.55963,-0.02247,-0.00216,0.02080,0.07582,-0.01463,0.10515,0.09296,
1403715593162142976,-1.20247,-2.42938,0.21888,0.16980,0.78412,-0.24963,0.54222,1.43535,-0.52843,-0.02366,-0.00216,0.02080,0.07582,-0.01463,0.10515,0.09296,
1403715593262142976,-1.05976,-2.48123,0.21649,0.14398,0.79082,-0.21461,0.55481,1.42311,-0.50867,-0.02233,-0.00216,0.02080,0.07582,-0.01463,0.10515,0.09296,
1403715593362142976,-0.91874,-2.53104,0.21392,0.13155,0.79973,-0.17330,0.55956,1.40249,-0.48156,-0.02520,-0.00216,0.02080,0.07582,-0.01463,0.10515,0.09296,
1403715593462142976,-0.77833,-2.57621,0.21220,0.12532,0.80822,-0.12834,0.56090,1.40569,-0.41607,-0.01741,-0.00216,0.02080,0.07582,-0.01463,0.10514,0.09296,
1403715593562142976,-0.63718,-2.61257,0.20965,0.11345,0.81322,-0.08797,0.56398,1.41914,-0.30480,-0.00714,-0.00216,0.02080,0.07582,-0.01464,0.10514,0.09296,
1403715593662142976,-0.49605,-2.63707,0.20958,0.09560,0.81027,-0.05122,0.57593,1.40078,-0.18755,0.00881,-0.00216,0.02080,0.07582,-0.01464,0.10514,0.09296,
1403715593762142976,-0.35742,-2.64900,0.21079,0.07497,0.80260,-0.01718,0.59154,1.36340,-0.05583,0.01044,-0.00216,0.02080,0.07582,-0.01464,0.10514,0.09296,
1403715593862142976,-0.22444,-2.64788,0.21166,0.05396,0.79848,0.01917,0.59930,1.28870,0.08366,-0.01055,-0.00216,0.02080,0.07582,-0.01464,0.10514,0.09296,
1403715593962142976,-0.10007,-2.63258,0.20957,0.02783,0.79901,0.05566,0.59809,1.20046,0.21705,-0.03118,-0.00216,0.02080,0.07582,-0.01464,0.10514,0.09296,
1403715594062142976,0.01616,-2.60479,0.20669,0.00028,0.80214,0.09150,0.59009,1.12526,0.33855,-0.02470,-0.00216,0.02080,0.07582,-0.01464,0.10514,0.09296,
1403715594162142976,0.12506,-2.56560,0.20407,-0.02863,0.80417,0.12323,0.58078,1.05909,0.44689,-0.03122,-0.00216,0.02080,0.07582,-0.01464,0.10514,0.09296,
1403715594262142976,0.22807,-2.51660,0.20313,-0.05454,0.80224,0.15371,0.57429,1.00295,0.53421,-0.00178,-0.00216,0.02080,0.07582,-0.01464,0.10514,0.09296,
1403715594362142976,0.32543,-2.45856,0.20407,-0.07584,0.79630,0.18590,0.57060,0.94848,0.62745,0.02240,-0.00216,0.02080,0.07582,-0.01464,0.10514,0.09296,
1403715594462142976,0.41718,-2.39078,0.20540,-0.09355,0.78755,0.22177,0.56731,0.88376,0.72331,0.02271,-0.00216,0.02080,0.07582,-0.01464,0.10514,0.09296,
1403715594562142976,0.50191,-2.31278,0.20794,-0.10879,0.77579,0.26182,0.56371,0.80908,0.83073,0.02267,-0.00216,0.02080,0.07582,-0.01464,0.10514,0.09296,
1403715594662142976,0.57827,-2.22426,0.20897,-0.12693,0.76537,0.30112,0.55446,0.71647,0.94894,-0.00165,-0.00216,0.02080,0.07582,-0.01464,0.10514,0.09296,
1403715594762142976,0.64561,-2.12335,0.20697,-0.15347,0.76357,0.33465,0.53049,0.63537,1.06684,-0.03752,-0.00216,0.02080,0.07582,-0.01464,0.10513,0.09296,
1403715594862142976,0.70725,-2.01032,0.20406,-0.18743,0.76077,0.36176,0.50521,0.60435,1.19167,-0.03123,-0.00216,0.02080,0.07582,-0.01465,0.10513,0.09296,
1403715594962142976,0.76723,-1.88665,0.20108,-0.21702,0.75290,0.39038,0.48337,0.59868,1.28555,-0.03230,-0.00216,0.02080,0.07582,-0.01465,0.10513,0.09296,
1403715595062142976,0.82767,-1.75308,0.19787,-0.24080,0.73923,0.42088,0.46735,0.61665,1.38951,-0.03036,-0.00216,0.02080,0.07582,-0.01465,0.10513,0.09296,
1403715595162142976,0.89005,-1.60865,0.19563,-0.27012,0.72234,0.44594,0.45431,0.63603,1.48885,-0.00793,-0.00216,0.02080,0.07582,-0.01465,0.10513,0.09296,
1403715595262142976,0.95455,-1.45576,0.19440,-0.29875,0.70100,0.47108,0.44434,0.65665,1.56569,-0.01912,-0.00216,0.02080,0.07582,-0.01465,0.10513,0.09296,
1403715595362142976,1.02100,-1.29633,0.19098,-0.32698,0.67488,0.49609,0.43762,0.66680,1.61401,-0.05032,-0.00216,0.02080,0.07582,-0.01465,0.10513,0.09296,
1403715595462142976,1.08814,-1.13368,0.18523,-0.35583,0.64723,0.51963,0.42948,0.67735,1.64143,-0.05468,-0.00216,0.02080,0.07582,-0.01465,0.10513,0.09296,
1403715595562142976,1.15629,-0.97026,0.18075,-0.37861,0.61322,0.54671,0.42630,0.68324,1.62644,-0.03783,-0.00216,0.02080,0.07582,-0.01465,0.10513,0.09296,
1403715595662142976,1.22273,-0.80895,0.17813,-0.39348,0.56745,0.57712,0.43602,0.63605,1.59484,-0.02533,-0.00216,0.02080,0.07582,-0.01465,0.10512,0.09296,
1403715595762142976,1.28117,-0.65365,0.17705,-0.40678,0.51426,0.60477,0.45202,0.52006,1.50225,-0.00644,-0.00216,0.02080,0.07582,-0.01465,0.10512,0.09296,
1403715595862142976,1.32579,-0.51094,0.17798,-0.42241,0.46323,0.62502,0.46513,0.36013,1.34003,0.03632,-0.00216,0.02080,0.07582,-0.01465,0.10512,0.09296,
1403715595962142976,1.35255,-0.38896,0.18427,-0.44667,0.41799,0.63193,0.47586,0.16880,1.08297,0.09634,-0.00216,0.02080,0.07582,-0.01465,0.10512,0.09296,
1403715596062142976,1.36059,-0.29700,0.19756,-0.48593,0.38488,0.62364,0.47625,0.00254,0.73774,0.17352,-0.00216,0.02080,0.07582,-0.01465,0.10512,0.09296,
1403715596162142976,1.35554,-0.24345,0.21794,-0.51612,0.36797,0.61665,0.46686,-0.10645,0.33150,0.23908,-0.00216,0.02080,0.07582,-0.01465,0.10512,0.09296,
1403715596262142976,1.34150,-0.23053,0.24420,-0.51222,0.37180,0.63244,0.44656,-0.17671,-0.05353,0.27183,-0.00216,0.02080,0.07582,-0.01465,0.10512,0.09296,
1403715596362142976,1.31992,-0.25117,0.27091,-0.48158,0.39362,0.66814,0.40833,-0.26421,-0.33400,0.27114,-0.00216,0.02080,0.07582,-0.01465,0.10512,0.09296,
1403715596462142976,1.28854,-0.29260,0.29863,-0.45390,0.41580,0.70004,0.36200,-0.37023,-0.46913,0.28227,-0.00216,0.02080,0.07582,-0.01466,0.10512,0.09296,
1403715596562142976,1.24588,-0.34089,0.32788,-0.43326,0.42858,0.72505,0.32078,-0.48503,-0.47771,0.29667,-0.00216,0.02080,0.07582,-0.01466,0.10511,0.09296,
1403715596662142976,1.19179,-0.38491,0.35725,-0.41778,0.43237,0.74610,0.28609,-0.60167,-0.38820,0.29545,-0.00216,0.02080,0.07582,-0.01466,0.10511,0.09296,
1403715596762142976,1.12526,-0.41683,0.38710,-0.40927,0.42654,0.76328,0.26072,-0.73038,-0.24476,0.29398,-0.00216,0.02080,0.07582,-0.01466,0.10511,0.09296,
1403715596862142976,1.04554,-0.43301,0.41510,-0.40299,0.42044,0.77795,0.23585,-0.87017,-0.06094,0.26655,-0.00216,0.02080,0.07582,-0.01466,0.10511,0.09296,
1403715596962142976,0.95193,-0.42861,0.44051,-0.39541,0.41471,0.79038,0.21672,-1.01134,0.15481,0.24389,-0.00216,0.02080,0.07582,-0.01466,0.10511,0.09296,
1403715597062142976,0.84347,-0.40085,0.46456,-0.39310,0.40783,0.79758,0.20740,-1.16109,0.40008,0.24132,-0.00216,0.02080,0.07582,-0.01466,0.10511,0.09296,
1403715597162142976,0.71878,-0.34820,0.49013,-0.40795,0.40007,0.79416,0.20694,-1.32878,0.64604,0.26184,-0.00216,0.02080,0.07582,-0.01466,0.10511,0.09296,
1403715597262142976,0.57928,-0.27392,0.51659,-0.44074,0.38974,0.78112,0.20908,-1.45115,0.83033,0.26710,-0.00216,0.02080,0.07582,-0.01466,0.10511,0.09296,
1403715597362142976,0.43126,-0.18458,0.54194,-0.47711,0.37587,0.76643,0.20898,-1.50037,0.94803,0.24407,-0.00216,0.02080,0.07582,-0.01466,0.10511,0.09296,
1403715597462142976,0.28096,-0.08527,0.56697,-0.51286,0.35558,0.75277,0.20945,-1.49594,1.02959,0.24083,-0.00216,0.02080,0.07582,-0.01466,0.10511,0.09296,
1403715597562142976,0.13391,0.01803,0.58927,-0.53818,0.32874,0.74735,0.20918,-1.44224,1.02645,0.19850,-0.00216,0.02080,0.07582,-0.01466,0.10511,0.09296,
1403715597662142976,-0.00673,0.12010,0.60584,-0.55055,0.30251,0.75160,0.20122,-1.36935,1.01659,0.13966,-0.00216,0.02080,0.07582,-0.01466,0.10510,0.09296,
1403715597762142976,-0.14076,0.22146,0.61880,-0.55250,0.27962,0.76203,0.18939,-1.30981,1.01020,0.11460,-0.00216,0.02080,0.07582,-0.01467,0.10510,0.09297,
1403715597862142976,-0.26851,0.32229,0.62928,-0.55491,0.26280,0.76877,0.17891,-1.24574,1.00507,0.11005,-0.00216,0.02080,0.07582,-0.01467,0.10510,0.09297,
1403715597962142976,-0.39002,0.42210,0.64157,-0.56515,0.24817,0.76687,0.17587,-1.17957,0.99019,0.12866,-0.00216,0.02080,0.07582,-0.01467,0.10510,0.09297,
1403715598062142976,-0.50328,0.51916,0.65236,-0.57215,0.23836,0.76480,0.17580,-1.08799,0.95263,0.10106,-0.00216,0.02080,0.07582,-0.01467,0.10510,0.09297,
1403715598162142976,-0.60862,0.61183,0.65846,-0.57610,0.22961,0.76328,0.18105,-1.02291,0.90140,0.02952,-0.00216,0.02080,0.07582,-0.01467,0.10510,0.09297,
1403715598262142976,-0.70642,0.69907,0.65512,-0.58875,0.22484,0.75410,0.18478,-0.93090,0.83845,-0.09485,-0.00216,0.02080,0.07582,-0.01467,0.10510,0.09297,
1403715598362142976,-0.79444,0.77909,0.64022,-0.60638,0.22172,0.73984,0.18915,-0.82140,0.75639,-0.17069,-0.00216,0.02080,0.07582,-0.01467,0.10510,0.09297,
1403715598462142976,-0.86779,0.84866,0.62337,-0.63029,0.22023,0.71924,0.19216,-0.63039,0.63064,-0.16044,-0.00216,0.02080,0.07582,-0.01467,0.10510,0.09297,
1403715598562142976,-0.91889,0.90488,0.60697,-0.64621,0.22180,0.70452,0.19203,-0.38514,0.49336,-0.16080,-0.00216,0.02080,0.07582,-0.01467,0.10510,0.09297,
1403715598662142976,-0.94570,0.94753,0.58916,-0.64275,0.22467,0.70648,0.19307,-0.15635,0.35652,-0.19428,-0.00216,0.02080,0.07582,-0.01467,0.10510,0.09297,
1403715598762142976,-0.95122,0.97703,0.56750,-0.61952,0.23045,0.72531,0.19240,0.03705,0.23696,-0.24766,-0.00216,0.02080,0.07582,-0.01467,0.10510,0.09297,
1403715598862142976,-0.93999,0.99548,0.54148,-0.59318,0.23625,0.74587,0.18972,0.17540,0.14467,-0.27327,-0.00216,0.02080,0.07582,-0.01467,0.10509,0.09297,
1403715598962142976,-0.91891,1.00680,0.51211,-0.57473,0.23881,0.75943,0.18951,0.24526,0.08751,-0.31145,-0.00216,0.02080,0.07582,-0.01467,0.10509,0.09297,
1403715599062142976,-0.89276,1.01319,0.47970,-0.56612,0.23937,0.76560,0.18989,0.27518,0.03971,-0.33972,-0.00216,0.02080,0.07582,-0.01467,0.10509,0.09297,
1403715599162142976,-0.86381,1.01517,0.44465,-0.56466,0.23930,0.76658,0.19038,0.30720,-0.00079,-0.37746,-0.00216,0.02080,0.07582,-0.01467,0.10509,0.09297,
1403715599262142976,-0.83177,1.01288,0.40429,-0.55946,0.24561,0.77050,0.18168,0.33442,-0.04267,-0.42726,-0.00216,0.02080,0.07582,-0.01468,0.10509,0.09297,
1403715599362142976,-0.79703,1.00790,0.35983,-0.55658,0.25497,0.77246,0.16887,0.36568,-0.04908,-0.46055,-0.00216,0.02080,0.07582,-0.01468,0.10509,0.09297,
1403715599462142976,-0.75942,1.00393,0.31291,-0.55991,0.26523,0.76967,0.15417,0.39199,-0.02463,-0.46938,-0.00216,0.02080,0.07582,-0.01468,0.10509,0.09296,
1403715599562142976,-0.71796,1.00425,0.26634,-0.56452,0.27206,0.76585,0.14416,0.44129,0.03539,-0.45357,-0.00216,0.02080,0.07582,-0.01468,0.10509,0.09296,
1403715599662142976,-0.67019,1.01144,0.22311,-0.57301,0.27598,0.75919,0.13826,0.51619,0.10729,-0.41543,-0.00216,0.02080,0.07582,-0.01468,0.10509,0.09296,
1403715599762142976,-0.61414,1.02511,0.18271,-0.58025,0.27231,0.75389,0.14425,0.60606,0.15768,-0.39678,-0.00216,0.02080,0.07582,-0.01468,0.10509,0.09296,
1403715599862142976,-0.54851,1.04264,0.14290,-0.58039,0.26322,0.75399,0.15926,0.70401,0.18562,-0.40882,-0.00216,0.02080,0.07582,-0.01468,0.10509,0.09296,
1403715599962142976,-0.47442,1.06147,0.10166,-0.56730,0.25526,0.76360,0.17297,0.77016,0.18826,-0.41991,-0.00216,0.02080,0.07582,-0.01468,0.10509,0.09296,
1403715600062142976,-0.39642,1.07930,0.06039,-0.55379,0.24715,0.77341,0.18457,0.78327,0.16448,-0.41416,-0.00216,0.02080,0.07582,-0.01468,0.10509,0.09296,
1403715600162142976,-0.31939,1.09312,0.02038,-0.54291,0.22493,0.78367,0.20129,0.75209,0.10105,-0.40423,-0.00216,0.02080,0.07582,-0.01468,0.10509,0.09296,
1403715600262142976,-0.24833,1.09829,-0.02000,-0.53540,0.19467,0.79392,0.21246,0.66561,-0.00610,-0.40355,-0.00216,0.02080,0.07582,-0.01468,0.10509,0.09296,
1403715600362142976,-0.18588,1.09072,-0.06095,-0.53338,0.16395,0.80320,0.20855,0.57522,-0.15258,-0.41666,-0.00216,0.02080,0.07582,-0.01469,0.10509,0.09296,
1403715600462142976,-0.13277,1.06821,-0.10325,-0.53267,0.13856,0.81399,0.18569,0.48749,-0.29972,-0.43957,-0.00216,0.02080,0.07582,-0.01469,0.10509,0.09296,
1403715600562142976,-0.08921,1.03206,-0.14575,-0.52887,0.12332,0.82755,0.14232,0.38872,-0.40948,-0.41636,-0.00216,0.02080,0.07582,-0.01469,0.10509,0.09296,
1403715600662142976,-0.05616,0.98812,-0.18339,-0.52643,0.10287,0.83781,0.10179,0.27475,-0.46419,-0.31531,-0.00216,0.02080,0.07582,-0.01469,0.10509,0.09296,
1403715600762142976,-0.03373,0.93993,-0.20819,-0.53002,0.07275,0.84183,0.07144,0.17395,-0.49096,-0.17130,-0.00216,0.02080,0.07582,-0.01469,0.10509,0.09297,
1403715600862142976,-0.02114,0.88969,-0.21940,-0.53525,0.03851,0.84247,0.04771,0.07909,-0.51339,-0.04137,-0.00216,0.02080,0.07582,-0.01469,0.10509,0.09297,
1403715600962142976,-0.01765,0.83688,-0.21655,0.53998,-0.00695,-0.84120,-0.02750,-0.00773,-0.54104,0.10584,-0.00216,0.02080,0.07582,-0.01469,0.10509,0.09297,
1403715601062142976,-0.02196,0.78220,-0.20144,0.54632,0.01803,-0.83729,-0.01264,-0.07848,-0.55571,0.20511,-0.00216,0.02080,0.07582,-0.01469,0.10509,0.09297,
1403715601162142976,-0.03210,0.72593,-0.17479,0.55008,0.03582,-0.83432,-0.00532,-0.12123,-0.57243,0.32430,-0.00216,0.02080,0.07582,-0.01469,0.10509,0.09297,
1403715601262142976,-0.04651,0.66693,-0.13598,0.55347,0.04844,-0.83144,-0.00527,-0.16042,-0.61255,0.43491,-0.00216,0.02080,0.07582,-0.01469,0.10509,0.09297,
1403715601362142976,-0.06343,0.60266,-0.09219,0.55565,0.05930,-0.82926,-0.00795,-0.18012,-0.67305,0.43351,-0.00216,0.02080,0.07582,-0.01469,0.10509,0.09297,
1403715601462142976,-0.08198,0.53223,-0.05156,0.55702,0.06229,-0.82815,-0.00440,-0.18967,-0.73212,0.37904,-0.00216,0.02080,0.07582,-0.01469,0.10508,0.09297,
1403715601562142976,-0.10217,0.45611,-0.01538,0.55812,0.06082,-0.82752,0.00051,-0.21140,-0.78952,0.34408,-0.00216,0.02080,0.07582,-0.01469,0.10508,0.09297,
1403715601662142976,-0.12428,0.37495,0.01773,0.55819,0.05722,-0.82772,0.00555,-0.22776,-0.83253,0.32334,-0.00216,0.02080,0.07582,-0.01469,0.10508,0.09297,
1403715601762142976,-0.14742,0.28994,0.05063,0.56413,0.05438,-0.82384,0.00968,-0.23766,-0.87102,0.32945,-0.00216,0.02080,0.07582,-0.01469,0.10508,0.09297,
1403715601862142976,-0.17100,0.20188,0.08221,0.57012,0.05159,-0.81988,0.01022,-0.23006,-0.88927,0.31058,-0.00216,0.02080,0.07582,-0.01470,0.10508,0.09297,
1403715601962142976,-0.19297,0.11265,0.11325,0.58242,0.04249,-0.81176,0.00596,-0.20639,-0.89651,0.31961,-0.00216,0.02080,0.07582,-0.01470,0.10508,0.09297,
1403715602062142976,-0.21070,0.02259,0.14340,0.60447,0.02901,-0.79610,-0.00150,-0.14317,-0.90261,0.26738,-0.00216,0.02080,0.07582,-0.01470,0.10508,0.09297,
1403715602162142976,-0.21985,-0.06748,0.16772,0.61855,0.01043,-0.78562,-0.00978,-0.03086,-0.89678,0.20628,-0.00216,0.02080,0.07582,-0.01470,0.10508,0.09297,
1403715602262142976,-0.21587,-0.15689,0.18604,0.61924,-0.01363,-0.78488,-0.01789,0.10667,-0.88754,0.16488,-0.00216,0.02080,0.07582,-0.01470,0.10508,0.09297,
1403715602362142976,-0.19967,-0.24481,0.19924,0.60716,-0.03600,-0.79310,-0.03245,0.21402,-0.87519,0.11596,-0.00216,0.02080,0.07582,-0.01470,0.10508,0.09297,
1403715602462142976,-0.17510,-0.33165,0.21006,-0.58758,0.05933,0.80553,0.04855,0.27796,-0.86075,0.12023,-0.00216,0.02080,0.07582,-0.01470,0.10508,0.09297,
1403715602562142976,-0.14582,-0.41726,0.22241,-0.57243,0.08139,0.81329,0.06523,0.30468,-0.84250,0.11748,-0.00216,0.02080,0.07582,-0.01470,0.10508,0.09297,
1403715602662142976,-0.11500,-0.50133,0.22946,-0.56619,0.09945,0.81345,0.08856,0.31004,-0.83240,0.01983,-0.00216,0.02080,0.07582,-0.01470,0.10508,0.09297,
1403715602762142976,-0.08402,-0.58534,0.22428,-0.56101,0.11981,0.81163,0.11034,0.30404,-0.84592,-0.14342,-0.00216,0.02080,0.07582,-0.01471,0.10508,0.09297,
1403715602862142976,-0.05481,-0.67128,0.20322,-0.55464,0.14268,0.80983,0.12727,0.28257,-0.86798,-0.27335,-0.00216,0.02080,0.07582,-0.01471,0.10507,0.09297,
1403715602962142976,-0.02754,-0.75887,0.16961,-0.54689,0.16512,0.80835,0.14215,0.25351,-0.88102,-0.38624,-0.00216,0.02080,0.07582,-0.01471,0.10507,0.09296,
1403715603062142976,-0.00403,-0.84796,0.12657,-0.54359,0.18647,0.80313,0.15723,0.22217,-0.89945,-0.45223,-0.00216,0.02080,0.07582,-0.01471,0.10507,0.09296,
1403715603162142976,0.01679,-0.93835,0.08072,-0.54028,0.20832,0.79683,0.17249,0.20256,-0.90649,-0.46433,-0.00216,0.02080,0.07582,-0.01471,0.10507,0.09296,
1403715603262142976,0.03480,-1.03006,0.03479,-0.53158,0.23021,0.79397,0.18448,0.15698,-0.92624,-0.45963,-0.00216,0.02080,0.07582,-0.01471,0.10507,0.09296,
1403715603362142976,0.04783,-1.12283,-0.00983,-0.52148,0.24781,0.79315,0.19380,0.10420,-0.93143,-0.43329,-0.00216,0.02080,0.07582,-0.01471,0.10507,0.09296,
1403715603462142976,0.05427,-1.21612,-0.04979,-0.52006,0.26334,0.78849,0.19611,0.03258,-0.93269,-0.37723,-0.00216,0.02080,0.07582,-0.01471,0.10507,0.09296,
1403715603562142976,0.05499,-1.30833,-0.08518,-0.52281,0.27863,0.78257,0.19135,-0.01173,-0.90917,-0.32568,-0.00216,0.02080,0.07582,-0.01472,0.10507,0.09296,
1403715603662142976,0.05238,-1.39692,-0.11729,-0.52629,0.29433,0.77681,0.18154,-0.03039,-0.85861,-0.30957,-0.00216,0.02080,0.07582,-0.01472,0.10507,0.09296,
1403715603762142976,0.04827,-1.47850,-0.14549,-0.53354,0.30643,0.76903,0.17329,-0.03620,-0.77575,-0.22835,-0.00216,0.02080,0.07582,-0.01472,0.10507,0.09296,
1403715603862142976,0.04636,-1.55100,-0.16348,-0.53731,0.31573,0.76460,0.16433,0.00189,-0.67412,-0.13048,-0.00216,0.02080,0.07582,-0.01472,0.10507,0.09296,
1403715603962142976,0.04846,-1.61240,-0.17153,-0.52322,0.32407,0.77324,0.15270,0.02887,-0.54108,-0.03761,-0.00216,0.02080,0.07582,-0.01472,0.10507,0.09296,
1403715604062142976,0.05124,-1.65881,-0.17247,-0.50858,0.32084,0.78362,0.15606,0.02318,-0.38997,0.01955,-0.00216,0.02080,0.07582,-0.01472,0.10507,0.09296,
1403715604162142976,0.05212,-1.69186,-0.17203,-0.50375,0.30873,0.78798,0.17322,-0.00738,-0.27853,-0.00557,-0.00216,0.02080,0.07582,-0.01472,0.10507,0.09296,
1403715604262142976,0.04871,-1.71548,-0.17399,-0.50718,0.29897,0.78628,0.18750,-0.05685,-0.20090,-0.03335,-0.00216,0.02080,0.07582,-0.01472,0.10506,0.09296,
1403715604362142976,0.04079,-1.73316,-0.18015,-0.50907,0.29456,0.78515,0.19395,-0.09775,-0.16035,-0.08791,-0.00216,0.02080,0.07582,-0.01472,0.10506,0.09296,
1403715604462142976,0.02775,-1.74653,-0.18890,-0.50788,0.29370,0.78580,0.19575,-0.16392,-0.11401,-0.08101,-0.00216,0.02080,0.07582,-0.01472,0.10506,0.09296,
1403715604562142976,0.00962,-1.75646,-0.19734,-0.51581,0.29150,0.78059,0.19911,-0.20366,-0.08193,-0.08632,-0.00216,0.02080,0.07582,-0.01472,0.10506,0.09296,
1403715604662142976,-0.01213,-1.76356,-0.20591,-0.52544,0.28789,0.77413,0.20431,-0.22656,-0.06661,-0.08783,-0.00216,0.02080,0.07582,-0.01472,0.10506,0.09297,
1403715604762142976,-0.03591,-1.77022,-0.21546,-0.52909,0.28535,0.77153,0.20826,-0.24343,-0.07191,-0.09820,-0.00216,0.02080,0.07582,-0.01472,0.10506,0.09297,
1403715604862142976,-0.06130,-1.77776,-0.22503,-0.52922,0.28563,0.77141,0.20800,-0.26330,-0.07806,-0.08045,-0.00216,0.02080,0.07582,-0.01472,0.10506,0.09297,
1403715604962142976,-0.08769,-1.78576,-0.23277,-0.52676,0.28465,0.77327,0.20869,-0.26556,-0.08573,-0.07714,-0.00216,0.02080,0.07582,-0.01472,0.10506,0.09297,
1403715605062142976,-0.11522,-1.79415,-0.23906,-0.52421,0.28507,0.77531,0.20697,-0.29468,-0.07976,-0.03694,-0.00216,0.02080,0.07582,-0.01472,0.10506,0.09297,
1403715605162142976,-0.14572,-1.80201,-0.24096,-0.52644,0.28327,0.77437,0.20728,-0.31416,-0.07985,-0.00404,-0.00216,0.02080,0.07582,-0.01472,0.10506,0.09297,
1403715605262142976,-0.17841,-1.80957,-0.24085,-0.53000,0.28232,0.77277,0.20549,-0.33777,-0.07612,0.02001,-0.00216,0.02080,0.07582,-0.01472,0.10506,0.09297,
1403715605362142976,-0.21251,-1.81702,-0.23893,-0.53531,0.28423,0.77008,0.19910,-0.34345,-0.07157,0.00664,-0.00216,0.02080,0.07582,-0.01472,0.10506,0.09297,
1403715605462142976,-0.24604,-1.82321,-0.24283,-0.53832,0.28571,0.76898,0.19302,-0.32866,-0.05224,-0.08899,-0.00216,0.02080,0.07582,-0.01472,0.10506,0.09297,
1403715605562142976,-0.27819,-1.82757,-0.25665,-0.53700,0.28816,0.77065,0.18628,-0.31237,-0.03527,-0.18461,-0.00216,0.02080,0.07582,-0.01472,0.10506,0.09297,
1403715605662142976,-0.30855,-1.82976,-0.27827,-0.53633,0.28816,0.77177,0.18350,-0.29415,-0.00492,-0.22483,-0.00216,0.02080,0.07582,-0.01472,0.10506,0.09297,
1403715605762142976,-0.33748,-1.82837,-0.29957,-0.53607,0.28141,0.77247,0.19163,-0.28799,0.02694,-0.19463,-0.00216,0.02080,0.07582,-0.01472,0.10506,0.09297,
1403715605862142976,-0.36597,-1.82481,-0.31793,-0.53549,0.27676,0.77318,0.19710,-0.28691,0.03986,-0.15958,-0.00216,0.02080,0.07582,-0.01472,0.10506,0.09297,
1403715605962142976,-0.39513,-1.82081,-0.33325,-0.53695,0.27315,0.77260,0.20039,-0.29038,0.03649,-0.16122,-0.00216,0.02080,0.07582,-0.01472,0.10505,0.09297,
1403715606062142976,-0.42430,-1.81736,-0.35353,-0.53813,0.27087,0.77227,0.20161,-0.29491,0.03394,-0.24021,-0.00216,0.02080,0.07582,-0.01473,0.10505,0.09297,
1403715606162142976,-0.45395,-1.81509,-0.37985,-0.53898,0.26888,0.77252,0.20105,-0.30212,0.01082,-0.29344,-0.00216,0.02080,0.07582,-0.01473,0.10505,0.09297,
1403715606262142976,-0.48427,-1.81512,-0.40816,-0.54033,0.27049,0.77225,0.19623,-0.30613,-0.01335,-0.25821,-0.00216,0.02080,0.07582,-0.01473,0.10505,0.09297,
1403715606362142976,-0.51487,-1.81637,-0.42895,-0.54217,0.27278,0.77191,0.18919,-0.30418,-0.00860,-0.15415,-0.00216,0.02080,0.07582,-0.01473,0.10505,0.09297,
1403715606462142976,-0.54474,-1.81630,-0.43896,-0.54413,0.27376,0.77125,0.18478,-0.29476,0.00790,-0.04736,-0.00216,0.02080,0.07582,-0.01473,0.10505,0.09297,
1403715606562142976,-0.57340,-1.81531,-0.44154,-0.54736,0.27389,0.76992,0.18057,-0.27310,0.01281,-0.02648,-0.00216,0.02080,0.07582,-0.01472,0.10505,0.09297,
1403715606662142976,-0.59896,-1.81351,-0.44549,-0.55090,0.27432,0.76855,0.17486,-0.24058,0.02314,-0.05931,-0.00216,0.02080,0.07582,-0.01472,0.10505,0.09297,
1403715606762142976,-0.62130,-1.81006,-0.45346,-0.55516,0.27649,0.76642,0.16721,-0.20129,0.05026,-0.10593,-0.00216,0.02080,0.07582,-0.01472,0.10505,0.09297,
1403715606862142976,-0.63888,-1.80308,-0.46489,-0.56144,0.27368,0.76280,0.16738,-0.15086,0.08651,-0.12744,-0.00216,0.02080,0.07582,-0.01472,0.10505,0.09297,
1403715606962142976,-0.65117,-1.79404,-0.47711,-0.56538,0.26448,0.76073,0.17800,-0.09517,0.08611,-0.13601,-0.00216,0.02080,0.07582,-0.01472,0.10505,0.09297,
1403715607062142976,-0.65778,-1.78601,-0.49167,-0.55915,0.25703,0.76559,0.18749,-0.04702,0.06976,-0.15745,-0.00216,0.02080,0.07582,-0.01472,0.10505,0.09297,
1403715607162142976,-0.66152,-1.78077,-0.50668,-0.55331,0.25314,0.77018,0.19128,-0.03687,0.03740,-0.14922,-0.00216,0.02080,0.07582,-0.01472,0.10505,0.09297,
1403715607262142976,-0.66447,-1.77875,-0.52035,-0.54917,0.25197,0.77329,0.19220,-0.02360,0.00138,-0.12360,-0.00216,0.02080,0.07582,-0.01472,0.10505,0.09297,
1403715607362142976,-0.66607,-1.78022,-0.53153,-0.54885,0.25196,0.77359,0.19191,-0.00955,-0.02614,-0.09767,-0.00216,0.02080,0.07582,-0.01472,0.10505,0.09297,
1403715607462142976,-0.66636,-1.78401,-0.53928,-0.54973,0.25142,0.77278,0.19337,0.00087,-0.05662,-0.06113,-0.00216,0.02080,0.07582,-0.01472,0.10505,0.09297,
1403715607562142976,-0.66598,-1.79118,-0.54525,-0.54794,0.25197,0.77364,0.19430,0.00726,-0.08461,-0.04396,-0.00216,0.02080,0.07582,-0.01473,0.10505,0.09297,
1403715607662142976,-0.66567,-1.80152,-0.54882,-0.54625,0.25346,0.77417,0.19499,0.00104,-0.12318,-0.02199,-0.00216,0.02080,0.07582,-0.01473,0.10505,0.09297,
1403715607762142976,-0.66571,-1.81491,-0.55252,-0.54579,0.25431,0.77396,0.19604,0.00514,-0.14825,-0.07260,-0.00216,0.02080,0.07582,-0.01473,0.10505,0.09297,
1403715607862142976,-0.66534,-1.83085,-0.56491,-0.54561,0.25886,0.77350,0.19234,0.00631,-0.16850,-0.17862,-0.00216,0.02080,0.07582,-0.01473,0.10505,0.09297,
1403715607962142976,-0.66676,-1.84084,-0.57258,-0.54589,0.24995,0.77463,0.19868,0.00836,0.00702,0.02663,-0.00216,0.02080,0.07582,-0.01473,0.10505,0.09297,
1403715608062142976,-0.66598,-1.83908,-0.57180,-0.54315,0.24907,0.77700,0.19805,0.00462,0.01086,-0.06473,-0.00216,0.02080,0.07582,-0.01473,0.10505,0.09297,
1403715608162142976,-0.66693,-1.83844,-0.57367,-0.54057,0.25108,0.77871,0.19584,-0.00823,-0.02391,0.01157,-0.00216,0.02080,0.07582,-0.01473,0.10505,0.09297,
1403715608262142976,-0.66550,-1.83876,-0.57386,-0.54321,0.25033,0.77693,0.19655,-0.00697,-0.00074,-0.00816,-0.00216,0.02080,0.07582,-0.01473,0.10505,0.09297,
1403715608362142976,-0.66643,-1.83852,-0.57408,-0.54159,0.25102,0.77805,0.19570,0.01050,0.01242,0.00015,-0.00216,0.02080,0.07582,-0.01473,0.10505,0.09297,
